x (m),y (m),norm_secs (secs),time (days)
799.3309999999074,576.3579999998692,0.0,39584.456875
790.4509999986658,576.1359999996421,2.0000042393803596,39584.4568981482
781.3489999995618,575.4699999997465,4.000000306405127,39584.4569212963
772.3579999986014,573.5829999997768,5.999995744787157,39584.4569444444
763.366999999218,571.6959999998107,8.000000612810254,39584.4569675926
755.596999999907,568.8099999999977,9.999996051192284,39584.4569907407
748.6039999986333,564.9250000003412,12.000000919215381,39584.4570138889
740.6119999998828,559.0420000002086,13.99999635759741,39584.457037037
733.8409999996256,553.9359999996923,16.000001225620508,39584.4570601852
727.7359999992659,547.831000000122,17.999996664002538,39584.4570833333
725.848999999298,541.8370000002687,20.000001532025635,39584.4571064815
724.7389999989446,534.8439999997863,21.999996970407665,39584.4571296296
722.2969999988018,529.5159999998286,24.000001838430762,39584.4571527778
716.302999999738,526.9629999999634,25.999997276812792,39584.4571759259
709.6429999992015,525.8529999996135,28.00000214483589,39584.4571990741
701.5399999991532,525.8529999996135,29.99999758321792,39584.4572222222
693.436999999105,525.4089999999451,32.000002451241016,39584.4572453704
685.1119999996172,525.0759999999973,33.999997889623046,39584.4572685185
676.4539999993922,526.4079999997884,36.00000275764614,39584.4572916667
666.6859999988155,526.0749999998407,37.99999819602817,39584.4573148148
656.5849999990805,524.9650000002766,40.00000306405127,39584.457337963
647.8159999991367,522.8560000000798,41.9999985024333,39584.4573611111
635.4949999986966,523.0780000003106,44.0000033704564,39584.4573842593
621.5089999993033,525.2980000002244,45.99999880883843,39584.4574074074
607.7449999993514,525.8529999996135,48.000003676861525,39584.4574305556
598.0879999984954,525.0759999999973,49.999999115243554,39584.4574537037
592.3159999988711,520.9690000001137,52.00000398326665,39584.4574768519
589.8739999987265,515.7519999998767,53.99999942164868,39584.4575
588.2089999997752,508.64799999967363,55.99999548867345,39584.4575231481
589.7629999990077,500.98900000008143,57.99999972805381,39584.4575462963
590.2069999994637,494.3290000003326,59.999995795078576,39584.4575694444
590.98399999908,487.2250000001295,62.000000034458935,39584.4575925926
590.0959999997431,481.4529999997176,63.9999961014837,39584.4576157407
588.0979999984793,475.2369999996372,66.0000009695068,39584.4576388889
587.5429999998796,468.90999999983615,67.99999640788883,39584.457662037
587.320999998863,461.80599999963306,70.00000127591193,39584.4576851852
587.5429999998796,455.2570000003907,71.99999671429396,39584.4577083333
587.5429999998796,448.59699999985605,74.00000158231705,39584.4577314815
584.9900000000162,441.0489999999845,75.99999702069908,39584.4577546296
585.6559999999117,434.2779999997292,78.00000188872218,39584.4577777778
585.5449999986158,428.61699999982375,79.99999732710421,39584.4578009259
586.3219999998073,423.62199999981385,82.00000219512731,39584.4578240741
586.9879999997047,417.4059999997371,83.99999763350934,39584.4578472222
588.3199999994958,411.96700000005876,86.00000250153244,39584.4578703704
589.7629999990077,406.08399999992616,87.99999793991446,39584.4578935185
589.7629999990077,402.08799999976327,90.00000280793756,39584.4579166667
587.2099999991442,396.2049999996307,91.99999824631959,39584.4579398148
585.2119999994557,391.543000000358,94.00000311434269,39584.457962963
585.4339999988952,388.87899999998626,95.99999855272472,39584.4579861111
584.2129999988229,386.2149999996145,98.00000342074782,39584.4580092593
583.6579999986461,383.5510000000322,99.99999885912985,39584.4580324074
584.8789999987184,378.7780000002531,102.00000372715294,39584.4580555556
584.7679999989996,377.55700000017896,103.99999916553497,39584.4580787037
584.7679999989996,376.1139999998777,106.00000403355807,39584.4581018519
584.9900000000162,374.44900000013877,107.9999994719401,39584.458125
586.2109999985114,373.1170000003476,109.99999553896487,39584.4581481481
587.0989999994235,372.2290000002249,111.99999977834523,39584.4581712963
587.7649999993191,371.3410000000986,113.99999584537,39584.4581944444
587.7649999993191,371.11899999987145,116.00000008475035,39584.4582175926
587.8759999990398,371.0080000001508,117.99999615177512,39584.4582407407
587.9869999987586,370.5639999996929,120.00000039115548,39584.4582638889
588.0979999984793,369.8979999997973,121.99999645818025,39584.458287037
588.2089999997752,369.23199999990175,124.00000069756061,39584.4583101852
600.8629999993755,359.2419999998856,125.99999676458538,39584.4583333333
599.8639999987427,351.13899999983914,126.99999888427556,39584.4583449074
598.5319999989515,347.3649999999034,129.00000375229865,39584.4583680556
600.4189999989194,348.1420000003054,130.99999919068068,39584.4583912037
598.7539999999681,350.3620000002229,133.00000405870378,39584.4584143519
599.6419999993032,350.47299999994357,134.9999994970858,39584.4584375
599.5309999995843,350.5839999996606,136.99999556411058,39584.4584606481
599.5309999995843,350.6950000001707,138.99999980349094,39584.4584837963
599.3089999985677,351.0280000001185,140.9999958705157,39584.4585069444
599.3089999985677,351.2500000003456,143.00000010989606,39584.4585300926
599.3089999985677,351.5830000002934,144.99999617692083,39584.4585532407
599.1979999988471,351.69400000001406,147.0000004163012,39584.4585763889
599.0869999991282,352.2490000001926,148.99999648332596,39584.458599537
598.9759999994076,352.4709999996303,151.00000072270632,39584.4586226852
598.8649999996887,352.5820000001404,152.99999678973109,39584.4586458333
598.8649999996887,352.5820000001404,155.00000102911144,39584.4586689815
598.7539999999681,352.8040000003675,156.9999970961362,39584.4586921296
598.6429999986703,353.0259999998052,159.00000133551657,39584.4587152778
598.6429999986703,353.0259999998052,160.99999740254134,39584.4587384259
598.7539999999681,353.0259999998052,163.0000016419217,39584.4587615741
598.6429999986703,353.0259999998052,164.99999770894647,39584.4587847222
598.6429999986703,353.248000000036,167.00000194832683,39584.4588078704
598.5319999989515,353.358999999753,168.9999980153516,39584.4588310185
598.6429999986703,353.58099999998376,171.0000028833747,39584.4588541667
598.6429999986703,353.8030000002109,172.99999832175672,39584.4588773148
598.7539999999681,354.0249999996522,175.00000318977982,39584.458900463
598.8649999996887,354.1360000001587,176.99999862816185,39584.4589236111
598.9759999994076,354.0249999996522,179.00000349618495,39584.4589467593
598.8649999996887,353.91399999993155,180.99999893456697,39584.4589699074
598.8649999996887,353.8030000002109,183.00000380259007,39584.4589930556
598.8649999996887,353.8030000002109,184.9999992409721,39584.4590162037
598.8649999996887,353.8030000002109,187.0000041089952,39584.4590393519
598.8649999996887,353.8030000002109,188.99999954737723,39584.4590625
598.7539999999681,353.8030000002109,190.999995614402,39584.4590856481
598.7539999999681,353.8030000002109,192.99999985378236,39584.4591087963
598.7539999999681,353.8030000002109,194.99999592080712,39584.4591319444
598.7539999999681,353.8030000002109,197.00000016018748,39584.4591550926
598.7539999999681,353.8030000002109,198.99999622721225,39584.4591782407
598.7539999999681,353.8030000002109,201.0000004665926,39584.4592013889
598.6429999986703,353.91399999993155,202.99999653361738,39584.459224537
598.7539999999681,353.91399999993155,205.00000077299774,39584.4592476852
598.7539999999681,353.91399999993155,206.9999968400225,39584.4592708333
598.7539999999681,353.91399999993155,209.00000107940286,39584.4592939815
598.7539999999681,353.91399999993155,210.99999714642763,39584.4593171296
598.7539999999681,353.91399999993155,213.000001385808,39584.4593402778
598.7539999999681,353.91399999993155,214.99999745283276,39584.4593634259
598.7539999999681,353.91399999993155,217.00000169221312,39584.4593865741
598.7539999999681,353.91399999993155,218.99999775923789,39584.4594097222
598.6429999986703,353.91399999993155,221.00000199861825,39584.4594328704
598.6429999986703,353.91399999993155,222.999998065643,39584.4594560185
598.6429999986703,353.91399999993155,225.00000230502337,39584.4594791667
598.6429999986703,354.0249999996522,226.99999837204814,39584.4595023148
598.5319999989515,354.0249999996522,229.0000026114285,39584.459525463
598.5319999989515,354.1360000001587,230.99999867845327,39584.4595486111
598.5319999989515,354.3580000003858,233.00000291783363,39584.4595717593
598.4209999992308,354.6910000003336,234.9999989848584,39584.4595949074
598.4209999992308,355.0240000002814,237.00000322423875,39584.4596180556
598.1989999997913,355.35700000022916,238.99999929126352,39584.4596412037
598.0879999984954,355.8009999998976,241.00000415928662,39584.4596643519
597.9769999987748,356.4669999997932,242.99999959766865,39584.4596875
595.4239999989113,358.6869999997107,244.99999566469342,39584.4597106481
594.5359999995762,360.13000000001193,246.99999990407377,39584.4597337963
591.0949999987988,367.0119999999879,248.99999597109854,39584.4597569444
590.98399999908,367.5670000001628,251.0000002104789,39584.4597800926
590.7619999996405,368.01099999983126,252.99999627750367,39584.4598032407
590.6509999999198,368.4550000002855,255.00000051688403,39584.4598263889
590.5399999986221,368.78800000023693,256.9999965839088,39584.459849537
590.4289999989032,369.1210000001847,259.00000082328916,39584.4598726852
590.3179999991844,369.4540000001325,260.9999968903139,39584.4598958333
590.3179999991844,369.7870000000803,263.0000011296943,39584.4599189815
590.2069999994637,370.1200000000281,264.99999719671905,39584.4599421296
590.2069999994637,370.4529999999759,267.0000014360994,39584.4599652778
590.0959999997431,370.78599999992366,268.9999975031242,39584.4599884259
590.0959999997431,371.2300000003779,271.00000174250454,39584.4600115741
589.9850000000242,371.67400000004636,272.9999978095293,39584.4600347222
589.7629999990077,372.1179999997148,275.00000204890966,39584.4600578704
589.5409999995682,372.6729999998897,276.99999811593443,39584.4600810185
589.0969999991121,373.1170000003476,279.0000023553148,39584.4601041667
588.4309999992147,373.89399999996385,280.99999842233956,39584.4601273148
588.0979999984793,374.22699999991164,283.0000026617199,39584.460150463
587.9869999987586,374.6710000003659,284.9999987287447,39584.4601736111
587.4319999985837,374.44900000013877,287.00000296812505,39584.4601967593
586.876999999984,375.11500000003434,288.9999990351498,39584.4602199074
586.3219999998073,375.6700000002129,291.0000032745302,39584.4602430556
585.6559999999117,375.8919999996506,292.99999934155494,39584.4602662037
585.1009999997368,375.44799999998213,295.0000035809353,39584.4602893519
584.6569999992789,375.6700000002129,296.99999964796007,39584.4603125
584.101999999104,376.0030000001607,298.99999571498483,39584.4603356481
582.769999999311,376.2250000003878,300.9999999543652,39584.4603587963
580.3279999991682,377.00200000000405,302.99999602138996,39584.4603819444
577.774999999303,377.7789999996203,305.0000002607703,39584.4604050926
574.0009999993672,379.44400000014866,306.9999963277951,39584.4604282407
569.8939999986942,381.1089999998876,309.00000056717545,39584.4604513889
566.341999999775,382.77399999962654,310.9999966342002,39584.460474537
561.9019999999437,384.99400000032983,313.0000008735806,39584.4604976852
556.684999998919,387.5470000001951,314.99999694060534,39584.4605208333
553.2439999997187,389.98900000033973,317.0000011799857,39584.4605439815
550.2469999993991,391.543000000358,318.99999724701047,39584.4605671296
548.1379999999917,392.4309999996949,321.00000148639083,39584.4605902778
546.1399999987261,392.7639999996427,322.9999975534156,39584.4606134259
544.3639999984789,392.9859999998698,325.00000179279596,39584.4606365741
543.0319999986859,392.4309999996949,326.9999978598207,39584.4606597222
542.5879999998069,391.65400000007867,329.0000020992011,39584.4606828704
543.1429999999837,390.5439999997252,330.99999816622585,39584.4607060185
542.8099999992464,389.65600000039194,333.0000024056062,39584.4607291667
542.3659999987904,389.4340000001648,334.999998472631,39584.4607523148
541.9219999999113,389.101000000217,337.00000271201134,39584.460775463
540.1459999996623,385.77099999994607,338.9999987790361,39584.4607986111
539.0359999993107,381.55300000034185,341.00000301841646,39584.4608217593
537.925999998959,376.8910000002834,342.99999908544123,39584.4608449074
536.8159999986055,371.8960000002735,345.0000033248216,39584.4608680556
535.4839999988144,367.5670000001628,346.99999939184636,39584.4608912037
533.7079999985654,362.46099999964645,349.0000036312267,39584.4609143519
532.4869999984949,357.02199999997174,350.9999996982515,39584.4609375
531.9319999998952,352.02699999996184,352.99999576527625,39584.4609606481
533.9299999995837,346.0330000001122,355.0000000046566,39584.4609837963
536.0389999989911,338.8180000001885,356.9999960716814,39584.4610069444
537.8149999992384,331.38100000003396,359.00000031106174,39584.4610300926
539.7019999992062,323.50000000021464,360.9999963780865,39584.4610532407
541.6999999988948,316.39600000001155,363.00000061746687,39584.4610763889
542.2549999990715,309.7360000002627,364.99999668449163,39584.461099537
541.4779999994553,302.74299999977666,367.000000923872,39584.4611226852
539.9239999986457,296.5269999996963,368.99999699089676,39584.4611458333
541.6999999988948,291.75399999991714,371.0000012302771,39584.4611689815
544.1419999990394,287.75799999975425,372.9999972973019,39584.4611921296
544.5859999994955,282.65200000002733,375.00000153668225,39584.4612152778
544.2529999987582,276.99100000012186,376.999997603707,39584.4612384259
542.9209999989671,271.77399999988484,379.0000018430874,39584.4612615741
543.2539999997025,267.22300000033283,380.99999791011214,39584.4612847222
543.2539999997025,261.673000000148,383.0000021494925,39584.4613078704
544.0309999993187,255.9009999997361,384.99999821651727,39584.4613310185
545.5849999985512,250.57299999978204,387.00000245589763,39584.4613541667
549.802999998943,248.01999999991676,388.9999985229224,39584.4613773148
552.3559999988065,245.57799999977215,391.00000276230276,39584.461400463
552.3559999988065,245.46700000005512,392.9999988293275,39584.4614236111
547.4719999985191,247.0210000000734,395.0000030687079,39584.4614467593
531.3769999997185,243.13599999962753,396.99999913573265,39584.4614699074
526.492999999431,242.91400000018984,399.000003375113,39584.4614930556
524.716999999182,237.91900000017995,400.9999994421378,39584.4615162037
525.1609999996399,237.80799999967348,402.99999550916255,39584.4615393518
525.2719999993587,237.58600000023216,404.9999997485429,39584.4615625
525.7159999998148,238.58500000007552,406.9999958155677,39584.4615856481
525.7159999998148,238.25200000012774,409.00000005494803,39584.4616087963
526.3819999997104,238.6959999997962,410.9999961219728,39584.4616319444
526.8259999985894,240.2499999998181,413.00000036135316,39584.4616550926
527.1589999993266,240.69400000027235,414.9999964283779,39584.4616782407
527.2699999990473,240.2499999998181,417.0000006677583,39584.4617013889
527.3809999987661,240.47200000004523,418.99999673478305,39584.461724537
527.6029999997827,241.1379999999408,421.0000009741634,39584.4617476852
527.6029999997827,241.69300000011572,422.9999970411882,39584.4617708333
530.2669999993668,253.34799999987445,423.99999916087836,39584.4617824074
532.9309999989509,264.5589999999611,426.0000034002587,39584.4618055556
533.0419999986698,264.66999999968175,427.9999994672835,39584.4618287037
533.1529999999675,265.114000000136,429.9999949056655,39584.4618518518
533.1529999999675,265.89099999975224,431.9999997736886,39584.461875
533.2639999996863,266.00200000026234,433.9999958407134,39584.4618981481
533.374999999407,266.4459999999308,436.00000008009374,39584.4619212963
533.4859999991259,266.6680000001579,437.9999961471185,39584.4619444444
533.4859999991259,267.0010000001057,440.00000038649887,39584.4619675926
533.374999999407,267.6670000000013,441.99999645352364,39584.4619907407
536.2610000000077,275.8809999997684,444.000000692904,39584.4620138889
539.8129999989269,281.4309999999532,445.99999675992876,39584.462037037
542.2549999990715,284.8719999999412,448.0000009993091,39584.4620601852
542.2549999990715,285.20499999988897,449.9999970663339,39584.4620833333
542.1439999993509,285.7600000000675,452.00000130571425,39584.4621064815
542.2549999990715,285.53799999983676,453.999997372739,39584.4621296296
546.4729999994634,290.7550000000738,456.0000016121194,39584.4621527778
551.0239999990154,297.9699999999975,457.99999767914414,39584.4621759259
553.3549999994393,304.7410000002528,460.0000019185245,39584.4621990741
553.2439999997187,305.1849999999213,461.99999798554927,39584.4622222222
553.2439999997187,305.51799999986906,464.00000222492963,39584.4622453704
553.2439999997187,306.0730000000476,465.9999982919544,39584.4622685185
553.1329999999998,306.5169999997124,468.00000253133476,39584.4622916667
553.1329999999998,307.071999999891,469.9999985983595,39584.4623148148
553.0219999987021,307.6270000000659,472.0000028377399,39584.462337963
553.0219999987021,308.4039999996821,473.99999890476465,39584.4623611111
553.7989999998954,314.9529999997103,476.000003144145,39584.4623842593
556.2409999984629,321.3910000000178,477.9999992111698,39584.4624074074
559.1269999990636,327.71799999981886,480.00000345055014,39584.4624305556
561.7909999986459,333.4900000002308,481.9999995175749,39584.4624537037
564.010999999351,339.03999999962616,483.99999495595694,39584.4624768518
566.5639999992145,344.4790000000903,485.99999982398003,39584.4625
569.3389999985193,349.36300000037954,487.99999526236206,39584.4625231481
572.5579999998554,353.4700000002631,490.00000013038516,39584.4625462963
575.9989999990557,356.5780000003033,491.9999955687672,39584.4625694444
575.2219999994395,383.10700000036377,494.0000004367903,39584.4710416667
255.31999999948312,470.4639999998544,496.0000053048134,39584.5431944444
450.1249999997981,235.6990000002661,498.0000101728365,39584.5441666667
443.353999999541,246.24399999966772,499.00000349152833,39584.5441782407
440.13499999978194,248.46400000037465,500.0000056112185,39584.5441898148
442.46599999862883,243.58000000008542,501.0000077309087,39584.5442013889
438.3589999995329,248.57500000009168,502.0000104792416,39584.544212963
442.9099999990849,240.47200000004523,504.00000591762364,39584.5442361111
460.55899999869325,214.9419999998281,506.00001078564674,39584.5442592593
453.3439999995571,220.38100000029226,508.00000622402877,39584.5442824074
455.11999999980617,214.9419999998281,510.00001109205186,39584.5443055556
452.011999999766,216.71800000007715,512.0000065304339,39584.5443287037
449.01499999944645,218.71599999976388,514.000011398457,39584.5443518519
450.23599999951693,217.1619999997456,515.0000047171488,39584.5443634259
450.90199999941433,222.7119999999304,516.000006836839,39584.544375
447.12799999947856,215.49700000000303,518.0000029038638,39584.5443981481
446.46199999958117,211.278999999613,520.0000071432441,39584.5444212963
441.79999999873326,207.72699999990436,522.0000032102689,39584.5444444444
441.79999999873326,203.73099999974147,524.0000074496493,39584.5444675926
440.13499999978194,202.95400000012523,526.000003516674,39584.5444907407
437.47099999862075,202.17699999971956,528.0000077560544,39584.5445138889
435.9169999993901,202.84299999961513,530.0000038230792,39584.544537037
433.8079999999827,202.28800000022966,532.0000080624595,39584.5445601852
431.47699999955694,201.84399999977177,534.0000041294843,39584.5445833333
428.9239999996935,201.95500000028187,536.0000083688647,39584.5446064815
428.59099999895625,201.95500000028187,537.0000111171976,39584.5446180556
422.1529999994382,206.61700000034034,539.0000065555796,39584.5446412037
421.1539999988054,204.61899999986417,541.0000114236027,39584.5446643519
417.712999999605,205.39600000026985,543.0000068619847,39584.5446875
415.38199999918106,204.06399999968926,545.0000029290095,39584.5447106481
413.605999998932,204.95199999981196,547.0000071683899,39584.5447337963
411.6079999992453,205.39600000026985,549.0000032354146,39584.5447569444
410.2759999994523,205.28499999975975,551.000007474795,39584.5447800926
409.3879999985402,204.8410000000913,553.0000035418198,39584.5448032407
408.9439999996612,204.8410000000913,555.0000077812001,39584.5448263889
406.94599999997445,204.73000000037428,557.0000038482249,39584.544849537
406.16899999878115,204.17500000019572,559.0000080876052,39584.5448726852
406.6129999992372,202.95400000012523,561.00000415463,39584.5448958333
407.0569999996933,203.17600000035236,563.0000083940104,39584.5449189815
407.5009999985723,203.50900000030015,565.0000044610351,39584.5449421296
407.5009999985723,203.6200000000208,567.0000087004155,39584.5449652778
407.72299999958886,203.6200000000208,569.0000047674403,39584.5449884259
408.05599999874903,203.50900000030015,571.0000090068206,39584.5450115741
408.2779999997656,203.39799999979368,573.0000050738454,39584.5450347222
408.4999999992051,203.28700000007302,575.0000093132257,39584.5450578704
408.61099999892394,203.0649999998459,577.0000053802505,39584.5450810185
408.83299999994233,202.95400000012523,579.0000096196309,39584.5451041667
409.05499999938183,202.7319999998981,581.0000056866556,39584.5451273148
409.3879999985402,202.39899999995032,583.000009926036,39584.545150463
409.7209999992774,202.17699999971956,585.0000059930608,39584.5451736111
409.9429999987169,202.0659999999989,587.0000108610839,39584.5451967593
409.9429999987169,201.95500000028187,589.0000062994659,39584.5452199074
410.05400000001464,201.95500000028187,591.000011167489,39584.5452430556
410.05400000001464,201.84399999977177,593.000006605871,39584.5452662037
410.1649999997335,201.7330000000511,595.0000114738941,39584.5452893519
410.2759999994523,201.51099999982398,597.0000069122761,39584.5453125
410.2759999994523,201.40000000010332,599.0000029793009,39584.5453356481
410.1649999997335,201.2890000003863,601.0000072186813,39584.5453587963
409.9429999987169,201.1779999998762,603.000003285706,39584.5453819444
409.83199999899625,201.1779999998762,605.0000075250864,39584.5454050926
409.7209999992774,200.95599999964907,607.0000035921112,39584.5454282407
409.7209999992774,200.8449999999284,609.0000078314915,39584.5454513889
409.9429999987169,200.51199999998062,611.0000038985163,39584.545474537
410.386999999173,199.51300000013725,613.0000081378967,39584.5454976852
410.6089999986125,197.95900000011534,615.0000042049214,39584.5455208333
409.4989999998379,197.7369999998882,617.0000084443018,39584.5455439815
410.386999999173,197.29300000021976,619.0000045113266,39584.5455671296
409.1659999991007,196.40500000009706,621.0000087507069,39584.5455902778
408.4999999992051,196.40500000009706,623.0000048177317,39584.5456134259
408.7219999986446,196.07200000014927,625.000009057112,39584.5456365741
408.9439999996612,195.96099999963917,627.0000051241368,39584.5456597222
409.27699999882134,195.62799999969138,629.0000093635172,39584.5456828704
409.60999999955675,195.51699999997072,631.0000054305419,39584.5457060185
409.9429999987169,195.51699999997072,633.0000096699223,39584.5457291667
409.9429999987169,195.4060000002537,635.0000057369471,39584.5457523148
409.9429999987169,195.2949999997436,637.0000099763274,39584.545775463
410.386999999173,195.18400000002293,639.0000060433522,39584.5457986111
411.3859999998058,194.51800000012736,641.0000102827325,39584.5458217593
411.8299999986848,195.51699999997072,643.0000063497573,39584.5458449074
410.6089999986125,194.29599999990023,645.0000105891377,39584.5458680556
407.94499999902837,192.07599999998274,647.0000066561624,39584.5458912037
406.16899999878115,192.40899999993417,649.0000108955428,39584.5459143519
402.83899999930145,193.29700000005687,651.0000069625676,39584.5459375
401.0629999990524,193.07499999982974,653.0000030295923,39584.5459606481
399.95299999870076,193.07499999982974,655.0000072689727,39584.5459837963
399.50899999982175,192.96400000010908,657.0000033359975,39584.5460069444
396.62299999922107,194.85100000007515,659.0000075753778,39584.5460300926
395.0689999999886,195.18400000002293,661.0000036424026,39584.5460532407
393.0709999987248,195.7390000002015,663.000007881783,39584.5460763889
391.5169999994923,195.96099999963917,665.0000039488077,39584.546099537
390.07399999998233,196.6270000003242,667.0000081881881,39584.5461226852
388.5199999991728,196.18299999986993,669.0000042552128,39584.5461458333
385.6339999985721,195.2949999997436,671.0000084945932,39584.5461689815
381.0829999990201,193.07499999982974,673.000004561618,39584.5461921296
378.1969999999965,192.5199999996512,675.0000088009983,39584.5462152778
374.9779999986604,192.1869999997034,677.0000048680231,39584.5462384259
370.20499999966887,191.29900000037014,679.0000091074035,39584.5462615741
367.6519999998054,190.07800000029602,681.0000051744282,39584.5462847222
366.32000000001244,189.8560000000689,683.0000094138086,39584.5463078704
364.32199999874865,189.411999999611,685.0000054808334,39584.5463310185
363.10099999867634,189.0789999996632,687.0000097202137,39584.5463541667
358.54999999912434,190.4110000002438,689.0000057872385,39584.5463773148
355.66399999852365,191.18799999986004,691.0000100266188,39584.546400463
354.6649999994679,192.85300000038842,693.0000060936436,39584.5464236111
352.6669999997812,193.85200000023178,695.000010333024,39584.5464467593
349.7809999991805,193.96299999995244,697.0000064000487,39584.5464699074
348.226999999948,193.07499999982974,699.0000106394291,39584.5464930556
346.33999999998014,192.74199999988195,701.0000067064539,39584.5465162037
344.67499999945176,193.1860000003362,703.0000109458342,39584.5465393519
342.5659999984673,193.85200000023178,705.000007012859,39584.5465625
339.79099999916434,195.0730000003059,707.0000030798838,39584.5465856481
334.9069999988751,193.85200000023178,709.0000073192641,39584.5466087963
330.1339999998854,192.40899999993417,711.0000033862889,39584.5466319444
329.6899999994275,191.85399999975562,713.0000076256692,39584.5466550926
326.692999999108,192.5199999996512,715.000003692694,39584.5466782407
325.6939999984752,190.63299999968513,717.0000079320744,39584.5467013889
323.3629999996283,189.5230000001211,719.0000039990991,39584.546724537
320.4769999990276,189.0789999996632,721.0000082384795,39584.5467476852
317.3689999989874,189.1900000001733,723.0000043055043,39584.5467708333
315.70399999845904,189.96699999978955,725.0000085448846,39584.5467939815
314.3719999986679,189.74500000034823,727.0000046119094,39584.5468171296
312.8179999994354,190.52199999996446,729.0000088512897,39584.5468402778
308.1559999985875,193.74099999972532,731.0000049183145,39584.5468634259
306.9349999985152,195.0730000003059,733.0000091576949,39584.5468865741
305.0479999985473,195.18400000002293,735.0000052247196,39584.5469097222
299.71999999937907,198.6250000000109,737.0000094641,39584.5469328704
294.9469999988105,198.069999999836,739.0000055311248,39584.5469560185
292.17199999950753,197.62600000016755,741.0000097705051,39584.5469791667
290.0629999985231,196.6270000003242,743.0000058375299,39584.5470023148
286.5109999996039,194.9619999997958,745.0000100769103,39584.547025463
283.51399999928253,193.74099999972532,747.000006143935,39584.5470486111
281.40499999987514,193.519000000284,749.0000103833154,39584.5470717593
279.96199999878627,192.85300000038842,751.0000064503402,39584.5470949074
278.51899999927446,192.96400000010908,753.0000106897205,39584.5471180556
276.74299999902723,192.74199999988195,755.0000067567453,39584.5471412037
275.07799999849885,192.1869999997034,757.00000282377,39584.5471643518
274.4119999986033,192.40899999993417,759.0000070631504,39584.5471875
273.96799999972427,191.41000000008717,761.0000031301752,39584.5472106481
275.2999999995154,189.96699999978955,763.0000073695555,39584.5472337963
277.4089999989228,189.0789999996632,765.0000034365803,39584.5472569444
277.1869999994833,188.85700000022553,767.0000076759607,39584.5472800926
276.96499999846674,188.52400000027774,769.0000037429854,39584.5473032407
276.40999999986707,189.0789999996632,771.0000079823658,39584.5473263889
276.40999999986707,187.52499999964493,773.0000040493906,39584.547349537
275.63299999867377,186.63700000030803,775.0000082887709,39584.5473726852
275.18899999979476,184.97199999977965,777.0000043557957,39584.5473958333
275.07799999849885,183.52900000026784,779.000008595176,39584.5474189815
275.4109999992361,182.41899999991801,781.0000046622008,39584.5474421296
275.85499999969215,181.309000000354,783.0000089015812,39584.5474652778
278.74099999871396,180.42100000022765,785.0000049686059,39584.5474884259
281.07199999913973,179.20000000015716,787.0000092079863,39584.5475115741
279.96199999878627,179.53300000010495,789.0000052750111,39584.5475347222
279.51799999990726,178.6449999999786,791.0000095143914,39584.5475578704
278.74099999871396,176.8689999997332,793.0000055814162,39584.5475810185
278.6299999989951,175.98099999960687,795.0000098207965,39584.5476041667
278.8520000000117,175.75900000016918,797.0000058878213,39584.5476273148
278.74099999871396,175.53699999993842,799.0000101272017,39584.547650463
278.74099999871396,175.4260000002214,801.0000061942264,39584.5476736111
278.74099999871396,175.0930000002736,803.0000104336068,39584.5476967593
275.965999999411,177.31300000018746,805.0000065006316,39584.5477199074
275.965999999411,177.53499999962878,807.0000107400119,39584.5477430556
275.85499999969215,177.53499999962878,808.0000046873465,39584.5477546296
275.7439999999715,177.64600000013525,810.0000089267269,39584.5477777778
275.2999999995154,177.868000000366,812.0000049937516,39584.5478009259
274.5229999998992,178.0899999998037,814.000009233132,39584.5478240741
273.19099999853097,180.19900000000052,816.0000053001568,39584.5478472222
272.19199999947523,181.64200000030178,818.0000095395371,39584.5478703704
271.414999999859,182.30800000019735,820.0000056065619,39584.5478935185
271.96999999845866,181.97500000024957,822.0000098459423,39584.5479166667
269.63899999961177,181.53099999979167,824.000005912967,39584.5479398148
269.7499999993306,182.52999999963504,826.0000101523474,39584.547962963
270.52699999894685,182.41899999991801,828.0000062193722,39584.5479861111
270.7489999999634,182.52999999963504,830.0000104587525,39584.5480092593
271.0819999991236,182.64100000014514,832.0000065257773,39584.5480324074
271.3039999985631,182.41899999991801,834.0000107651576,39584.5480555556
271.3039999985631,182.0859999999666,836.0000068321824,39584.5480787037
271.414999999859,181.309000000354,838.0000022705644,39584.5481018518
271.74799999901916,180.30999999972119,840.0000071385875,39584.548125
272.41399999891473,179.20000000015716,842.0000025769696,39584.5481481481
273.19099999853097,178.2010000003138,844.0000074449927,39584.5481712963
274.3009999988826,177.97900000008303,846.0000035120174,39584.5481944444
274.5229999998992,177.31300000018746,848.0000077513978,39584.5482175926
275.7439999999715,176.09200000011697,850.0000038184226,39584.5482407407
276.8539999987461,174.53800000009505,852.0000080578029,39584.5482638889
276.96499999846674,171.43000000005486,854.0000041248277,39584.548287037
275.965999999411,169.98699999975724,856.000008364208,39584.5483101852
276.1879999988505,168.32200000001467,858.0000044312328,39584.5483333333
276.29899999857116,166.54599999976926,860.0000086706132,39584.5483564815
276.6319999993066,164.5480000000789,862.0000047376379,39584.5483796296
277.96399999909954,162.4389999998857,864.0000089770183,39584.5484027778
278.96299999973235,159.6639999997933,866.0000050440431,39584.5484259259
279.40699999861135,156.8889999997009,868.0000092834234,39584.5484490741
279.96199999878627,154.7800000002935,870.0000053504482,39584.5484722222
280.2949999995235,152.2269999996388,872.0000095898286,39584.5484953704
280.18399999980466,149.78500000028362,874.0000056568533,39584.5485185185
281.7379999990353,148.67499999993015,876.0000098962337,39584.5485416667
281.62699999931465,146.56599999973696,878.0000059632584,39584.5485648148
281.40499999987514,144.01299999987168,880.0000102026388,39584.548587963
281.7379999990353,141.4600000000064,882.0000062696636,39584.5486111111
282.84799999938696,138.684999999914,884.0000105090439,39584.5486342593
283.51399999928253,135.6880000003839,886.0000065760687,39584.5486574074
283.1809999985471,133.8009999996284,888.0000108154491,39584.5486805556
283.6249999990032,131.69200000022101,890.0000068824738,39584.5487037037
283.4029999995637,130.80400000009467,892.0000023208559,39584.5487268518
284.06899999945927,129.47200000030352,894.000007188879,39584.54875
284.51299999991534,128.36199999995006,896.000002627261,39584.5487731481
284.40199999861943,127.14099999987957,898.0000074952841,39584.5487962963
283.6249999990032,126.69700000021112,900.0000029336661,39584.5488194444
282.7369999996681,126.47499999998399,902.0000078016892,39584.5488425926
280.73899999997957,126.1420000000362,904.0000032400712,39584.5488657407
279.2959999988907,125.58699999986129,906.0000081080943,39584.5488888889
269.7499999993306,126.47499999998399,908.0000035464764,39584.548912037
268.63999999897896,126.36400000026333,910.0000084144995,39584.5489351852
263.5339999992502,126.36400000026333,912.0000038528815,39584.5489583333
262.86799999935465,127.0300000001589,914.0000087209046,39584.5489814815
262.31299999917974,128.13999999972293,916.0000047879294,39584.5490046296
262.7569999996358,128.02900000000227,918.0000090273097,39584.5490277778
263.3119999998107,127.80699999977514,920.0000050943345,39584.5490509259
261.9800000000196,126.80799999993178,922.0000093337148,39584.5490740741
261.64699999928234,126.1420000000362,924.0000054007396,39584.5490972222
261.31399999854693,127.14099999987957,926.00000964012,39584.5491203704
261.42499999984284,127.0300000001589,928.0000057071447,39584.5491435185
261.5359999995635,126.91899999965244,930.0000099465251,39584.5491666667
261.31399999854693,126.80799999993178,932.0000060135499,39584.5491898148
261.09199999910743,126.58599999970465,934.0000102529302,39584.549212963
260.5369999989307,126.36400000026333,936.000006319955,39584.5492361111
259.98199999875396,126.25299999975687,938.0000105593354,39584.5492592593
260.64799999865136,127.25200000038967,940.0000066263601,39584.5492824074
260.20399999977235,127.14099999987957,942.0000108657405,39584.5493055556
259.53799999987496,126.80799999993178,944.0000069327652,39584.5493287037
257.8729999993466,127.14099999987957,946.0000023711473,39584.5493518518
254.87599999902704,126.91899999965244,948.0000072391704,39584.549375
253.65499999895474,126.91899999965244,950.0000026775524,39584.5493981481
253.98799999969197,127.25200000038967,952.0000075455755,39584.5494212963
254.0989999994108,127.47399999982736,954.0000029839575,39584.5494444444
254.0989999994108,127.47399999982736,956.0000078519806,39584.5494675926
254.20999999913147,127.47399999982736,958.0000032903627,39584.5494907407
254.20999999913147,127.47399999982736,960.0000081583858,39584.5495138889
254.3209999988503,127.3630000001067,962.0000035967678,39584.549537037
254.43199999857097,127.25200000038967,964.0000084647909,39584.5495601852
254.43199999857097,127.14099999987957,966.0000039031729,39584.5495833333
254.43199999857097,127.14099999987957,968.000008771196,39584.5496064815
254.3209999988503,127.0300000001589,970.000004209578,39584.5496296296
253.76599999867358,126.80799999993178,972.0000090776011,39584.5496527778
253.65499999895474,127.0300000001589,974.0000045159832,39584.5496759259
254.43199999857097,126.91899999965244,976.0000093840063,39584.5496990741
254.20999999913147,126.80799999993178,978.0000048223883,39584.5497222222
254.0989999994108,126.80799999993178,980.0000096904114,39584.5497453704
254.0989999994108,126.80799999993178,982.0000051287934,39584.5497685185
253.21099999849866,125.58699999986129,984.0000099968165,39584.5497916667
252.8779999993385,125.14300000019284,986.0000060638413,39584.5498148148
253.98799999969197,125.80900000008842,988.0000103032216,39584.549837963
253.65499999895474,125.03199999968274,990.0000063702464,39584.5498611111
252.98899999905916,125.69800000036776,992.0000106096268,39584.5498842593
252.5449999986031,125.47600000014063,994.0000066766515,39584.5499074074
252.10099999972408,126.91899999965244,996.0000109160319,39584.5499305556
252.43399999888243,126.69700000021112,998.0000069830567,39584.5499537037
252.5449999986031,126.25299999975687,1000.0000024214387,39584.5499768518
252.655999999899,125.91999999980908,1002.0000072894618,39584.55
252.5449999986031,126.1420000000362,1004.0000027278438,39584.5500231481
252.43399999888243,126.58599999970465,1006.0000075958669,39584.5500462963
252.5449999986031,126.91899999965244,1008.000003034249,39584.5500694444
253.43299999951523,128.02900000000227,1010.000007902272,39584.5500925926
253.54399999923407,129.36099999979706,1012.0000033406541,39584.5501157407
253.98799999969197,129.58300000002419,1014.0000082086772,39584.5501388889
253.8769999999713,129.36099999979706,1016.0000036470592,39584.550162037
253.8769999999713,129.91599999997197,1018.0000085150823,39584.5501851852
255.43099999920378,131.13700000004246,1020.0000039534643,39584.5502083333
255.87499999965985,131.24799999976312,1022.0000088214874,39584.5502314815
255.65299999864146,130.24899999991976,1024.0000042598695,39584.5502546296
254.43199999857097,130.4710000001469,1026.0000091278926,39584.5502777778
254.9869999987459,131.35900000027323,1028.0000045662746,39584.5503009259
254.9869999987459,131.46999999999025,1030.0000094342977,39584.5503240741
254.76499999930638,131.46999999999025,1032.0000048726797,39584.5503472222
254.65399999958754,131.46999999999025,1034.0000097407028,39584.5503703704
254.65399999958754,131.35900000027323,1036.0000051790848,39584.5503935185
254.3209999988503,131.13700000004246,1038.000010047108,39584.5504166667
253.98799999969197,131.13700000004246,1040.00000548549,39584.5504398148
253.54399999923407,131.13700000004246,1042.000010353513,39584.550462963
253.21099999849866,131.13700000004246,1044.000005791895,39584.5504861111
252.8779999993385,131.24799999976312,1046.0000106599182,39584.5505092593
252.655999999899,131.13700000004246,1048.0000060983002,39584.5505324074
252.5449999986031,130.80400000009467,1050.0000109663233,39584.5505555556
252.655999999899,130.69300000037765,1052.0000064047053,39584.5505787037
252.76699999961966,130.80400000009467,1054.0000112727284,39584.5506018519
252.76699999961966,131.13700000004246,1056.0000073397532,39584.550625
275.4109999992361,154.7800000002935,1058.0000122077763,39584.5694212963
275.18899999979476,157.8880000003337,1060.000008274801,39584.5694444444
274.5229999998992,159.22000000012486,1062.0000125141814,39584.5694675926
275.18899999979476,160.66299999963667,1064.0000085812062,39584.5694907407
274.5229999998992,163.21600000028775,1066.0000128205866,39584.5695138889
274.1899999991638,163.992999999904,1068.0000088876113,39584.569537037
273.63499999898704,164.32599999985177,1070.0000131269917,39584.5695601852
273.8570000000036,164.43700000036188,1072.0000091940165,39584.5695833333
275.18899999979476,164.77000000030966,1074.0000134333968,39584.5696064815
275.4109999992361,165.65799999964293,1076.0000095004216,39584.5696296296
275.4109999992361,166.32400000032794,1078.000013739802,39584.5696527778
276.1879999988505,166.99000000022352,1080.0000098068267,39584.5696759259
276.1879999988505,167.76699999983975,1082.000014046207,39584.5696990741
276.6319999993066,169.210000000141,1084.0000101132318,39584.5697222222
276.07699999913166,170.20899999998437,1086.0000143526122,39584.5697453704
277.6309999999394,171.54099999977552,1088.000010419637,39584.5697685185
278.29699999983495,173.64999999997235,1090.0000146590173,39584.5697916667
278.4079999995556,175.3149999997113,1092.000010726042,39584.5698148148
276.40999999986707,178.42299999975148,1094.0000149654225,39584.569837963
271.1929999988424,182.52999999963504,1096.0000110324472,39584.5698611111
272.19199999947523,184.97199999977965,1098.0000152718276,39584.5698842593
271.0819999991236,185.19400000000678,1100.0000113388523,39584.5699074074
269.9719999987701,186.4150000000809,1102.0000155782327,39584.5699305556
268.41799999953946,186.08200000013312,1104.0000116452575,39584.5699537037
267.9739999990834,185.97099999962302,1106.0000158846378,39584.5699768519
268.63999999897896,186.52599999980157,1108.0000119516626,39584.57
268.86199999999553,185.08300000028976,1110.0000080186874,39584.5700231481
269.1949999991557,186.4150000000809,1112.0000122580677,39584.5700462963
269.4169999985952,187.9690000000992,1114.0000083250925,39584.5700694444
269.5279999998911,187.85800000038216,1116.0000125644729,39584.5700925926
269.8609999990513,187.74699999987206,1118.0000086314976,39584.5701157407
269.8609999990513,187.6360000001514,1120.000012870878,39584.5701388889
269.8609999990513,187.41399999992427,1122.0000089379027,39584.570162037
269.7499999993306,187.52499999964493,1124.000013177283,39584.5701851852
267.19699999946715,184.75000000034197,1126.0000092443079,39584.5702083333
265.30999999949927,185.08300000028976,1128.0000134836882,39584.5702314815
264.4219999985871,184.97199999977965,1130.000009550713,39584.5702546296
265.75399999995534,185.63799999967523,1132.0000137900934,39584.5702777778
265.75399999995534,185.97099999962302,1134.0000098571181,39584.5703009259
265.5319999989388,186.52599999980157,1136.0000140964985,39584.5703240741
265.1989999997786,189.8560000000689,1138.0000101635233,39584.5703472222
265.1989999997786,190.63299999968513,1140.0000144029036,39584.5703703704
265.0879999984827,191.85399999975562,1142.0000104699284,39584.5703935185
264.8659999990432,192.74199999988195,1144.0000147093087,39584.5704166667
264.31099999886646,192.74199999988195,1146.0000107763335,39584.5704398148
263.86699999998746,193.07499999982974,1148.0000150157139,39584.570462963
263.4229999995314,193.40799999977753,1150.0000110827386,39584.5704861111
263.08999999879416,193.74099999972532,1152.000015322119,39584.5705092593
262.64599999991515,194.18500000017957,1154.0000113891438,39584.5705324074
263.5339999992502,195.18400000002293,1156.0000156285241,39584.5705555556
262.86799999935465,195.51699999997072,1158.000011695549,39584.5705787037
270.30499999950734,197.40399999994042,1160.0000077625737,39584.5706018518
271.52599999957965,199.29099999991013,1162.000012001954,39584.570625
273.96799999972427,200.8449999999284,1164.0000080689788,39584.5706481481
277.4089999989228,202.0659999999989,1166.0000123083591,39584.5706712963
281.1829999988586,202.39899999995032,1168.000008375384,39584.5706944444
285.95599999942715,203.9529999999686,1170.0000126147643,39584.5707175926
290.50699999897915,205.06300000032206,1172.000008681789,39584.5707407407
294.2809999989149,204.95199999981196,1174.0000129211694,39584.5707638889
299.38699999864366,206.728000000061,1176.0000089881942,39584.570787037
303.826999998475,209.05899999969552,1178.0000132275745,39584.5708101852
309.7099999993952,209.05899999969552,1180.0000092945993,39584.5708333333
315.3709999993007,208.50400000031004,1182.0000135339797,39584.5708564815
321.80899999881876,207.72699999990436,1184.0000096010044,39584.5708796296
328.1359999986198,208.39299999979994,1186.0000138403848,39584.5709027778
338.4589999993714,213.05499999986205,1188.0000099074095,39584.5709259259
344.0089999995562,213.94299999998475,1190.00001414679,39584.5709490741
348.5599999991082,214.49800000015966,1192.0000102138147,39584.5709722222
353.33299999967676,214.49800000015966,1194.000014453195,39584.5709953704
359.77099999919665,213.8320000002641,1196.0000105202198,39584.5710185185
366.4309999997331,213.8320000002641,1198.0000147596002,39584.5710416667
376.087999999012,216.05200000018158,1200.000010826625,39584.5710648148
380.97199999930126,217.1619999997456,1202.0000150660053,39584.571087963
383.9689999996208,218.1610000003784,1204.00001113303,39584.5711111111
386.6329999992049,217.82799999964118,1206.0000153724104,39584.5711342593
391.1839999987569,217.27300000025207,1208.0000114394352,39584.5711574074
394.18099999907645,216.6070000003565,1210.0000156788155,39584.5711805556
399.73099999926126,214.16500000021188,1212.0000117458403,39584.5712037037
404.94799999870884,215.05300000033822,1214.0000071842223,39584.5712268518
409.83199999899625,215.49700000000303,1216.0000120522454,39584.57125
413.2729999997737,216.27399999961926,1218.0000081192702,39584.5712731481
417.26899999914895,215.7190000002338,1220.0000123586506,39584.5712962963
421.59799999926145,215.94099999967148,1222.0000084256753,39584.5713194444
427.0369999997256,215.49700000000303,1224.0000126650557,39584.5713425926
432.91999999906875,215.05300000033822,1226.0000087320805,39584.5713657407
439.35799999858864,216.27399999961926,1228.0000129714608,39584.5713888889
447.4609999986369,214.9419999998281,1230.0000090384856,39584.571412037
455.00899999850844,213.94299999998475,1232.000013277866,39584.5714351852
461.55799999932606,215.386000000286,1234.0000093448907,39584.5714583333
467.55199999996694,215.82999999995445,1236.000013584271,39584.5714814815
474.98899999854075,215.16400000005524,1238.0000096512958,39584.5715046296
482.20399999925394,217.38399999997273,1240.0000138906762,39584.5715277778
488.6419999987738,218.71599999976388,1242.000009957701,39584.5715509259
494.52499999969405,224.04399999972156,1244.0000141970813,39584.5715740741
496.63399999910143,228.48400000034235,1246.000010264106,39584.5715972222
497.41099999871767,232.5910000002259,1248.0000145034865,39584.5716203704
498.4099999993505,236.14299999993455,1250.0000105705112,39584.5716435185
499.07599999924605,238.91800000002695,1252.0000148098916,39584.5716666667
501.0739999989346,243.9130000000332,1254.0000108769163,39584.5716898148
503.40499999935855,250.01800000039293,1256.0000151162967,39584.571712963
504.9589999985892,254.45800000022427,1258.0000111833215,39584.5717361111
507.0679999995755,259.45300000023417,1260.0000154227018,39584.5717592593
510.064999999895,262.89400000022215,1262.0000114897266,39584.5717824074
513.1729999999352,267.5560000002806,1264.000015729107,39584.5718055556
517.5019999984706,269.7760000001981,1266.0000117961317,39584.5718287037
521.497999999423,272.8840000002383,1268.0000072345138,39584.5718518518
526.6039999991499,274.9929999996457,1270.0000121025369,39584.571875
530.9329999992624,275.43700000009994,1272.000007540919,39584.5718981481
536.7049999988867,276.54699999966397,1274.000012408942,39584.5719212963
541.4779999994553,276.2139999997162,1276.000007847324,39584.5719444444
547.0279999996401,275.6590000003307,1278.000012715347,39584.5719675926
552.3559999988065,275.2149999998728,1280.0000081537291,39584.5719907407
559.2379999987825,277.9899999999652,1282.0000130217522,39584.5720138889
564.6769999992466,277.87900000024456,1284.000009088777,39584.572037037
571.3369999997831,277.65700000001743,1286.0000133281574,39584.5720601852
576.4429999995118,277.9899999999652,1288.0000093951821,39584.5720833333
581.7709999986782,278.21200000019235,1290.0000136345625,39584.5721064815
588.8749999996726,278.54500000014013,1292.0000097015873,39584.5721296296
597.4219999985999,280.98700000028475,1294.0000139409676,39584.5721527778
603.1939999997994,281.6530000001803,1296.0000100079924,39584.5721759259
609.2989999985839,281.4309999999532,1298.0000142473727,39584.5721990741
618.2899999995443,280.5429999998305,1300.0000103143975,39584.5722222222
625.2829999992391,281.54199999967386,1302.0000145537779,39584.5722453704
631.4989999993195,282.31900000007954,1304.0000106208026,39584.5722685185
637.2709999989438,283.20700000020224,1306.000014860183,39584.5722916667
643.597999998743,283.8730000000978,1308.0000109272078,39584.5723148148
650.2579999992813,284.8719999999412,1310.0000151665881,39584.572337963
656.362999999641,285.98200000029465,1312.000011233613,39584.5723611111
662.2459999989842,287.5360000003129,1314.0000154729933,39584.5723842593
668.2399999996251,288.4239999996498,1316.000011540018,39584.5724074074
673.5679999987915,288.8680000001077,1318.0000157793984,39584.5724305556
679.4509999997135,287.5360000003129,1320.0000118464231,39584.5724537037
685.7779999995128,286.7589999999109,1322.0000072848052,39584.5724768518
690.7729999995208,287.6470000000336,1324.0000121528283,39584.5725
696.655999998864,287.5360000003129,1326.0000075912103,39584.5725231481
700.6519999998181,287.5360000003129,1328.0000124592334,39584.5725462963
706.3129999997218,287.5360000003129,1330.0000078976154,39584.5725694444
710.8639999992738,288.2020000002085,1332.0000127656385,39584.5725925926
716.302999999738,288.31299999992916,1334.0000082040206,39584.5726157407
724.4059999997862,287.0919999998587,1336.0000130720437,39584.5726388889
731.398999999481,288.2020000002085,1338.0000085104257,39584.572662037
736.9489999996658,289.4230000002826,1340.0000133784488,39584.5726851852
741.9439999996739,293.7520000003933,1342.0000088168308,39584.5727083333
745.2739999991536,298.19200000022465,1344.000013684854,39584.5727314815
747.6049999995776,301.7439999999333,1346.000009123236,39584.5727546296
747.7159999992982,306.18399999976464,1348.000013991259,39584.5727777778
748.714999999931,311.06800000005387,1350.000009429641,39584.5728009259
748.714999999931,317.06199999990713,1352.0000142976642,39584.5728240741
748.9369999993705,321.5019999997385,1354.000010364689,39584.5728472222
747.2719999988421,327.1629999996403,1356.0000146040693,39584.5728703704
745.9399999990492,331.71399999998175,1358.000010671094,39584.5728935185
746.2729999997864,336.9310000002188,1360.0000149104744,39584.5729166667
745.7179999996097,342.81400000035137,1362.0000109774992,39584.5729398148
746.2729999997864,347.3649999999034,1364.0000152168795,39584.572962963
745.9399999990492,353.58099999998376,1366.0000112839043,39584.5729861111
745.1629999994329,359.2419999998856,1368.0000155232847,39584.5730092593
744.4969999995374,367.0119999999879,1370.0000115903094,39584.5730324074
743.9419999993625,374.6710000003659,1372.0000158296898,39584.5730555556
743.8309999996418,380.99800000016694,1374.0000118967146,39584.5730787037
744.3859999998185,384.88299999982337,1376.0000073350966,39584.5731018518
744.4969999995374,390.5439999997252,1378.0000122031197,39584.573125
745.0519999997141,395.09500000006665,1380.0000076415017,39584.5731481481
745.6069999998908,399.534999999898,1382.0000125095248,39584.5731712963
744.7189999989769,404.752000000135,1384.0000079479069,39584.5731944444
745.7179999996097,409.302999999687,1386.00001281593,39584.5732175926
745.2739999991536,415.2970000003261,1388.000008254312,39584.5732407407
744.3859999998185,420.95800000023155,1390.000013122335,39584.5732638889
744.2749999985208,424.7320000001673,1392.000008560717,39584.573287037
744.2749999985208,429.06100000028164,1394.0000134287402,39584.5733101852
743.6089999986252,433.7230000003401,1396.0000088671222,39584.5733333333
741.2779999997783,439.3840000002456,1398.0000137351453,39584.5733564815
739.9459999999854,446.26600000022154,1400.0000091735274,39584.5733796296
739.3909999998104,453.1480000001975,1402.0000140415505,39584.5734027778
738.7249999999149,461.1399999997375,1404.0000094799325,39584.5734259259
737.7259999992821,467.13400000037655,1406.0000143479556,39584.5734490741
737.6149999995614,473.4610000001776,1408.0000097863376,39584.5734722222
737.0599999993865,478.12300000023606,1410.0000146543607,39584.5734953704
737.0599999993865,483.8949999998622,1412.0000100927427,39584.5735185185
737.281999998826,488.7790000001478,1414.0000149607658,39584.5735416667
738.1699999997381,493.7740000001577,1416.0000103991479,39584.5735648148
738.0590000000175,499.99000000023807,1418.000015267171,39584.573587963
737.8369999990009,506.87200000021403,1420.000010705553,39584.5736111111
738.1699999997381,511.7559999997138,1422.000015573576,39584.5736342593
738.1699999997381,518.0830000003007,1424.0000116406009,39584.5736574074
736.6159999989286,524.4100000001017,1426.0000158799812,39584.5736805556
737.5039999998426,530.6260000001821,1428.000011947006,39584.5737037037
736.3939999994891,540.2830000002505,1430.0000161863863,39584.5737268519
739.8349999986895,547.831000000122,1432.0000122534111,39584.57375
745.0519999997141,551.3829999998306,1434.0000076917931,39584.5737731481
750.3799999988805,555.0460000000458,1436.0000125598162,39584.5737962963
757.8169999990332,558.2649999998066,1438.0000079981983,39584.5738194444
765.0319999997464,560.2630000002828,1440.0000128662214,39584.5738425926
772.4689999998991,563.8149999999914,1442.0000083046034,39584.5738657407
779.5729999993146,565.9240000001846,1444.0000131726265,39584.5738888889
786.67699999873,567.5889999999272,1446.0000086110085,39584.573912037
792.6709999993709,568.2549999998228,1448.0000134790316,39584.5739351852
799.7749999987864,569.0320000002248,1450.0000089174137,39584.5739583333
0.13099999861515244,102.61000000029526,1452.0000137854367,39604.4494560185
2.683999998478612,105.05199999965043,1453.0000165337697,39604.4494675926
5.458999999358639,106.27299999972456,1454.0000186534598,39604.4494791667
7.789999999784413,106.1620000000039,1455.0000119721517,39604.4494907407
10.342999999647873,106.05100000028324,1456.0000140918419,39604.4495023148
14.671999999760374,109.93599999993967,1457.0000168401748,39604.4495138889
18.33499999997548,109.71399999971254,1458.000018959865,39604.449525463
22.885999999527485,110.1580000001668,1459.0000122785568,39604.449537037
27.103999999921143,111.15700000001016,1460.000014398247,39604.4495486111
31.43299999845476,113.15499999970052,1461.00001714658,39604.4495601852
35.09599999867169,113.37699999992765,1462.00001926627,39604.4495717593
38.20399999871188,113.70999999987544,1463.000012584962,39604.4495833333
41.31199999875207,113.82100000038554,1464.0000147046521,39604.4495949074
43.975999999913256,114.04299999982322,1465.000017452985,39604.4496064815
46.75099999921622,114.04299999982322,1466.0000195726752,39604.4496180556
50.30299999971248,114.37599999977101,1467.000012891367,39604.4496296296
53.18899999873611,114.59799999999814,1468.0000150110573,39604.4496412037
55.4089999994394,115.26399999989371,1469.0000177593902,39604.4496527778
57.18499999968844,115.81900000007226,1470.0000198790804,39604.4496643519
59.07199999965633,116.04100000029939,1471.0000131977722,39604.4496759259
60.84799999990537,115.04199999966659,1472.0000153174624,39604.4496875
62.17999999969652,114.8200000002289,1473.0000180657953,39604.4496990741
63.95599999994556,115.04199999966659,1474.0000113844872,39604.4497106481
66.3979999985113,115.15300000017669,1475.0000135041773,39604.4497222222
67.95199999932083,115.48600000012448,1476.0000156238675,39604.4497337963
70.94899999964036,115.04199999966659,1477.0000183722004,39604.4497453704
75.38899999947171,114.37599999977101,1478.0000116908923,39604.4497569444
80.3839999994816,114.26500000005035,1479.0000138105825,39604.4497685185
85.71199999864803,114.26500000005035,1480.0000159302726,39604.4497800926
90.2629999997771,113.93200000010256,1481.0000186786056,39604.4497916667
93.70399999897563,113.26600000020699,1482.0000119972974,39604.4498032407
98.36599999982536,112.48899999980495,1483.0000141169876,39604.4498148148
101.36299999856783,112.71100000003207,1484.0000168653205,39604.4498263889
106.91299999875264,112.48899999980495,1485.0000189850107,39604.449837963
110.35399999953006,112.37800000008428,1486.0000123037025,39604.449849537
112.68499999995402,112.26700000036362,1487.0000144233927,39604.4498611111
115.45999999925698,112.26700000036362,1488.0000171717256,39604.4498726852
119.45599999863225,112.37800000008428,1489.0000192914158,39604.4498842593
122.78599999968901,112.71100000003207,1490.0000126101077,39604.4498958333
127.00399999850379,113.59900000015477,1491.0000147297978,39604.4499074074
128.89099999847167,112.48899999980495,1492.0000174781308,39604.4499189815
130.88899999973728,112.71100000003207,1493.000019597821,39604.4499305556
132.3319999992491,112.48899999980495,1494.0000129165128,39604.4499421296
133.5529999993214,112.15599999985352,1495.000015036203,39604.4499537037
136.10599999918486,111.82299999990573,1496.0000177845359,39604.4499652778
135.99499999946602,111.9339999996264,1497.000019904226,39604.4499768519
136.10599999918486,112.15599999985352,1498.000013222918,39604.4499884259
136.21699999890552,112.48899999980495,1499.000015342608,39604.45
135.88399999974536,113.48799999964831,1501.0000114096329,39604.4500231481
136.8829999988011,113.82100000038554,1503.0000156490132,39604.4500462963
136.99399999851994,113.93200000010256,1504.0000183973461,39604.4500578704
136.8829999988011,113.93200000010256,1505.000011716038,39604.4500694444
136.54999999964093,115.37499999961437,1506.0000138357282,39604.4500810185
135.99499999946602,116.5959999996885,1507.0000159554183,39604.4500925926
135.99499999946602,118.8160000003918,1508.0000187037513,39604.4501041667
136.10599999918486,120.36999999962427,1509.0000120224431,39604.4501157407
134.88499999911255,122.4789999998211,1510.0000141421333,39604.4501273148
134.44099999865648,124.2550000000665,1511.0000162618235,39604.4501388889
132.3319999992491,126.47499999998399,1512.0000190101564,39604.450150463
131.22199999889745,127.91800000028525,1513.0000123288482,39604.450162037
129.88999999910448,129.58300000002419,1514.0000144485384,39604.4501736111
129.33499999892956,131.80299999993804,1515.0000165682286,39604.4501851852
128.55799999931332,134.13400000036563,1516.0000193165615,39604.4501967593
128.89099999847167,136.46500000000015,1517.0000126352534,39604.4502083333
129.33499999892956,138.90700000014476,1518.0000147549435,39604.4502199074
130.00099999882514,141.68200000023717,1519.0000175032765,39604.4502314815
130.6669999987207,144.5680000000466,1520.0000196229666,39604.4502430556
130.88899999973728,147.23199999963254,1521.0000129416585,39604.4502546296
130.99999999945794,149.89600000000428,1522.0000150613487,39604.4502662037
136.10599999918486,159.22000000012486,1523.0000178096816,39604.4502777778
136.54999999964093,164.10399999962465,1524.0000199293718,39604.4502893519
137.21599999953833,167.76699999983975,1525.0000132480636,39604.4503009259
135.88399999974536,171.09700000010707,1526.0000153677538,39604.4503125
133.10899999886533,177.09099999996033,1527.0000181160867,39604.4503240741
132.1099999998096,181.309000000354,1528.0000114347786,39604.4503356481
133.66399999904024,183.9729999999363,1529.0000135544688,39604.4503472222
135.43999999928928,186.52599999980157,1530.000015674159,39604.4503587963
137.6599999999944,189.30099999989397,1531.0000184224918,39604.4503703704
139.76899999940179,191.29900000037014,1532.0000117411837,39604.4503819444
141.7669999990885,193.74099999972532,1533.0000138608739,39604.4503935185
144.54199999997036,196.6270000003242,1534.000015980564,39604.4504050926
146.31799999864052,200.73400000020774,1535.000018728897,39604.4504166667
148.87099999850398,206.1729999998861,1536.0000120475888,39604.4504282407
152.97799999917697,210.16900000004898,1537.000014167279,39604.4504398148
156.97399999855224,212.4999999996835,1538.0000162869692,39604.4504513889
160.85899999978574,213.94299999998475,1539.000019035302,39604.450462963
162.85699999947428,215.2749999997759,1540.000012353994,39604.450474537
164.18899999926543,217.38399999997273,1541.0000144736841,39604.4504861111
166.29799999867282,219.04899999971167,1542.0000165933743,39604.4504976852
168.73999999881744,220.15900000006513,1543.0000193417072,39604.4505092593
171.84799999885763,221.26899999962916,1544.000012660399,39604.4505208333
172.40299999903436,220.15900000006513,1545.0000147800893,39604.4505324074
171.73699999913697,218.71599999976388,1546.0000168997794,39604.4505439815
171.40399999997862,216.6070000003565,1547.0000196481124,39604.4505555556
171.73699999913697,214.72000000039043,1548.0000129668042,39604.4505671296
173.06899999892994,213.27700000008917,1549.0000150864944,39604.4505787037
175.84399999980997,212.38899999996647,1550.0000172061846,39604.4505902778
180.28399999964313,212.05600000001505,1551.0000199545175,39604.4506018519
189.05299999958697,212.2780000002458,1552.0000132732093,39604.4506134259
195.6019999988257,211.72300000006726,1553.0000153928995,39604.450625
201.04099999928985,210.3910000002761,1554.0000181412324,39604.4506365741
207.9229999992658,209.05899999969552,1555.0000114599243,39604.4506481481
212.69599999983438,207.39399999995658,1556.0000135796145,39604.4506597222
217.4689999988259,207.17199999972945,1557.0000156993046,39604.4506712963
223.3519999997461,209.61399999987407,1558.0000184476376,39604.4506828704
228.12499999873762,211.83399999978792,1559.0000117663294,39604.4506944444
231.34399999849848,212.72199999991426,1560.0000138860196,39604.4507060185
233.78599999864127,212.1669999997357,1561.0000160057098,39604.4507175926
237.2269999994187,212.83299999963128,1562.0000187540427,39604.4507291667
241.33399999851463,212.9440000001414,1563.0000120727345,39604.4507407407
247.88299999933042,214.9419999998281,1564.0000141924247,39604.4507523148
252.32299999916359,213.72099999975762,1565.000016312115,39604.4507638889
257.65099999990707,212.72199999991426,1566.0000190604478,39604.450775463
260.8699999996679,211.278999999613,1567.0000123791397,39604.450787037
263.2009999985148,211.278999999613,1568.0000144988298,39604.4507986111
264.6439999996037,211.83399999978792,1569.00001661852,39604.4508101852
265.42099999921993,211.83399999978792,1570.000019366853,39604.4508217593
267.5299999986273,211.72300000006726,1571.0000126855448,39604.4508333333
269.7499999993306,211.72300000006726,1572.000014805235,39604.4508449074
272.0809999997564,211.72300000006726,1573.0000169249251,39604.4508564815
274.4119999986033,211.72300000006726,1574.000019673258,39604.4508680556
277.07599999976446,211.94500000029802,1575.00001299195,39604.4508796296
279.73999999934676,212.2780000002458,1576.00001511164,39604.4508912037
282.7369999996681,213.1660000003685,1577.0000172313303,39604.4509027778
286.2889999985873,213.05499999986205,1578.0000199796632,39604.4509143519
288.5089999992906,212.83299999963128,1579.000013298355,39604.4509259259
290.28499999953965,212.4999999996835,1580.0000154180452,39604.4509375
293.2819999998592,211.83399999978792,1581.0000175377354,39604.4509490741
296.05699999916396,212.38899999996647,1582.00001148507,39604.4509606481
298.94299999976465,212.1669999997357,1583.0000136047602,39604.4509722222
302.27299999924435,211.72300000006726,1584.0000157244503,39604.4509837963
307.2679999992524,211.39000000011947,1585.0000178441405,39604.4509953704
310.8199999997487,210.7240000002239,1586.0000117914751,39604.4510069444
316.3699999999317,208.28200000007928,1587.0000139111653,39604.4510185185
318.92299999979696,208.28200000007928,1588.0000160308555,39604.4510300926
322.25299999927665,208.83700000025783,1589.0000187791884,39604.4510416667
325.58299999875453,212.1669999997357,1590.0000120978802,39604.4510532407
327.9139999991803,212.4999999996835,1591.0000142175704,39604.4510648148
329.24599999897146,212.38899999996647,1592.0000163372606,39604.4510763889
331.5769999993954,213.8320000002641,1593.0000190855935,39604.451087963
334.1299999992607,213.1660000003685,1594.0000124042854,39604.451099537
336.90499999856365,214.9419999998281,1595.0000145239756,39604.4511111111
340.4569999990599,214.83100000010745,1596.0000166436657,39604.4511226852
345.89599999952407,214.16500000021188,1597.0000193919986,39604.4511342593
348.7819999985477,213.8320000002641,1598.0000127106905,39604.4511458333
351.4459999997089,213.38799999980984,1599.0000148303807,39604.4511574074
354.8869999989074,213.38799999980984,1600.0000169500709,39604.4511689815
356.7739999988753,213.4990000003163,1601.0000196984038,39604.4511805556
359.2159999990199,213.61000000003696,1602.0000130170956,39604.4511921296
363.5449999991324,214.60899999988033,1603.0000151367858,39604.4512037037
369.20599999903607,217.05100000002494,1604.000017256476,39604.4512152778
372.31399999907626,217.05100000002494,1605.000020004809,39604.4512268519
376.087999999012,217.1619999997456,1606.0000133235008,39604.4512384259
380.97199999930126,216.6070000003565,1607.000015443191,39604.45125
384.5239999997975,216.71800000007715,1608.000017562881,39604.4512615741
388.5199999991728,215.2749999997759,1609.0000115102157,39604.4512731481
391.1839999987569,215.2749999997759,1610.0000136299059,39604.4512847222
393.5149999991809,215.386000000286,1611.000015749596,39604.4512962963
396.7339999989399,215.2749999997759,1612.0000178692862,39604.4513078704
400.0639999999985,215.49700000000303,1613.0000118166208,39604.4513194444
402.83899999930145,215.49700000000303,1614.000013936311,39604.4513310185
405.835999999621,215.7190000002338,1615.0000160560012,39604.4513425926
408.7219999986446,216.16299999990224,1616.0000181756914,39604.4513541667
410.83099999962906,215.49700000000303,1617.000012123026,39604.4513657407
412.93999999903644,215.16400000005524,1618.0000142427161,39604.4513773148
415.2709999994622,214.3869999996532,1619.0000163624063,39604.4513888889
417.26899999914895,213.72099999975762,1620.0000184820965,39604.451400463
419.15599999911683,214.3869999996532,1621.000012429431,39604.451412037
421.1539999988054,214.9419999998281,1622.0000145491213,39604.4514236111
422.59699999989425,215.05300000033822,1623.0000166688114,39604.4514351852
423.9289999996854,214.27599999993254,1624.0000194171444,39604.4514467593
426.14899999881345,214.49800000015966,1625.0000127358362,39604.4514583333
434.6959999993178,214.9419999998281,1626.0000148555264,39604.4514699074
440.0239999984842,215.386000000286,1627.0000169752166,39604.4514814815
445.0189999984923,215.16400000005524,1628.0000197235495,39604.4514930556
449.79199999906086,214.60899999988033,1629.0000130422413,39604.4515046296
455.11999999980617,214.27599999993254,1630.0000151619315,39604.4515162037
463.1119999985567,210.50199999999677,1631.0000172816217,39604.4515277778
466.8859999984925,209.94699999982186,1632.0000200299546,39604.4515393519
470.21599999954924,210.27999999976964,1633.0000133486465,39604.4515509259
473.2129999998706,210.16900000004898,1634.0000154683366,39604.4515625
476.7649999987898,209.72500000038053,1635.0000175880268,39604.4515740741
479.428999999951,210.3910000002761,1636.0000115353614,39604.4515856481
482.0929999995351,213.1660000003685,1637.0000136550516,39604.4515972222
484.9789999985569,215.386000000286,1638.0000157747418,39604.4516087963
486.4219999996458,217.60600000019986,1639.000017894432,39604.4516203704
486.9769999998225,221.38000000013562,1640.0000118417665,39604.4516319444
487.0879999995432,224.15500000022803,1641.0000139614567,39604.4516435185
487.0879999995432,227.15199999976176,1642.000016081147,39604.4516550926
486.8659999985248,230.03800000036063,1643.000018200837,39604.4516666667
486.9769999998225,232.9240000001737,1644.0000121481717,39604.4516782407
486.4219999996458,235.587999999756,1645.0000142678618,39604.4516898148
486.6439999990853,238.58500000007552,1646.000016387552,39604.4517013889
486.9769999998225,241.1379999999408,1647.0000185072422,39604.451712963
486.8659999985248,243.46900000036476,1648.0000124545768,39604.451724537
487.0879999995432,246.02200000023004,1649.000014574267,39604.4517361111
487.3099999989827,248.68599999981234,1650.0000166939571,39604.4517476852
486.9769999998225,252.12699999980032,1651.0000188136473,39604.4517592593
486.9769999998225,255.01299999961338,1652.000012760982,39604.4517708333
486.53299999936644,256.9000000003689,1653.000014880672,39604.4517824074
486.08899999891037,258.0099999999329,1654.0000170003623,39604.4517939815
485.64500000003136,258.6759999998285,1655.0000191200525,39604.4518055556
485.86699999947086,259.34199999972407,1656.000013067387,39604.4518171296
486.75499999880594,260.11900000012974,1657.0000151870772,39604.4518287037
486.6439999990853,263.0049999999428,1658.0000173067674,39604.4518402778
485.422999999013,266.00200000026234,1659.0000200551003,39604.4518518519
483.8689999997823,268.555000000124,1660.0000133737922,39604.4518634259
485.64500000003136,271.10799999998926,1661.0000154934824,39604.451875
487.198999999262,273.32799999990675,1662.0000176131725,39604.4518865741
491.08399999891844,276.10299999999916,1663.0000115605071,39604.4518981481
496.18999999864536,277.5460000002968,1664.0000136801973,39604.4519097222
499.4089999999833,277.9899999999652,1665.0000157998875,39604.4519212963
503.5159999990774,280.98700000028475,1666.0000179195777,39604.4519328704
506.8459999985571,282.87400000025445,1667.0000118669122,39604.4519444444
510.2869999993345,283.20700000020224,1668.0000139866024,39604.4519560185
513.0619999986375,283.09599999969214,1669.0000161062926,39604.4519675926
515.3929999990614,283.09599999969214,1670.0000182259828,39604.4519791667
516.946999999871,283.20700000020224,1671.0000121733174,39604.4519907407
518.0569999986456,284.09500000032494,1672.0000142930076,39604.4520023148
519.4999999997344,284.98299999966184,1673.0000164126977,39604.4520138889
520.9429999992462,285.31599999960963,1674.000018532388,39604.452025463
521.941999999879,285.87099999978454,1675.0000124797225,39604.452037037
522.9409999989348,286.8699999996279,1676.0000145994127,39604.4520486111
523.9399999995676,288.09099999970203,1677.0000167191029,39604.4520601852
524.9389999986215,289.4230000002826,1678.000018838793,39604.4520717593
526.2709999999915,290.86599999979444,1679.0000127861276,39604.4520833333
529.1569999990152,293.30799999993906,1680.0000149058178,39604.4520949074
531.1549999987019,295.08400000018446,1681.000017025508,39604.4521064815
532.8199999992303,296.97100000015416,1682.0000191451982,39604.4521180556
534.0409999993026,298.85800000012387,1683.0000130925328,39604.4521296296
535.8169999995516,300.74500000008993,1684.000015212223,39604.4521412037
537.7039999995195,302.85400000028676,1685.000017331913,39604.4521527778
539.7019999992062,305.1849999999213,1686.0000194516033,39604.4521643519
542.6989999995276,307.73799999978655,1687.0000133989379,39604.4521759259
544.807999998935,309.6249999997526,1688.000015518628,39604.4521875
546.8059999986217,311.8449999996701,1689.0000176383182,39604.4521990741
549.5809999995035,314.9529999997103,1690.0000115856528,39604.4522106481
551.8009999986298,316.5069999997286,1691.000013705343,39604.4522222222
553.7989999998954,317.95000000002983,1692.0000158250332,39604.4522337963
555.352999999126,319.50400000005175,1693.0000179447234,39604.4522453704
557.5729999998312,321.5019999997385,1694.000011892058,39604.4522569444
558.7939999999035,321.5019999997385,1695.0000140117481,39604.4522685185
560.3479999991359,321.1689999997907,1696.0000161314383,39604.4522800926
563.7889999999115,331.4919999997546,1697.0000182511285,39604.4522916667
565.5649999985835,331.6030000002611,1698.000012198463,39604.4523032407
566.785999998654,333.0459999997729,1699.0000143181533,39604.4523148148
568.8949999996403,338.3739999997306,1700.0000164378434,39604.4523263889
567.2299999991119,338.3739999997306,1701.0000185575336,39604.452337963
566.0089999990396,340.1499999999796,1703.0000146245584,39604.4523611111
566.0089999990396,340.37200000020675,1705.0000194925815,39604.4524189815
566.0089999990396,340.4829999999274,1706.0000216122717,39604.4524305556
565.1209999997045,341.26000000032946,1707.0000155596063,39604.4524421296
564.8989999986861,342.59200000012424,1708.0000176792964,39604.4524537037
565.1209999997045,343.48000000024695,1709.0000197989866,39604.4524652778
565.6759999998794,345.0340000002652,1710.0000219186768,39604.4524768519
566.1199999987584,345.81099999988146,1712.0000267867,39604.4525347222
566.4529999994957,345.92200000039156,1714.000031654723,39604.4525925926
566.785999998654,346.0330000001122,1716.0000277217478,39604.4526157407
567.1189999993912,346.14399999982925,1717.000029841438,39604.4526273148
567.2299999991119,346.25500000033935,1718.0000319611281,39604.4526388889
567.5629999998473,346.36600000006,1719.0000340808183,39604.452650463
567.8959999990075,346.47699999977704,1721.000030147843,39604.4526736111
568.2289999997429,346.58800000028714,1722.0000322675332,39604.4526851852
568.7839999999196,350.6950000001707,1723.0000343872234,39604.4526967593
569.2279999987986,352.02699999996184,1724.000028334558,39604.4527083333
569.8939999986942,353.6919999997008,1725.0000304542482,39604.4527199074
570.1159999997108,355.13500000000204,1726.0000325739384,39604.4527314815
570.2269999994314,356.4669999997932,1727.0000346936285,39604.4527430556
570.2269999994314,357.91000000009444,1728.0000286409631,39604.4527546296
570.5599999985898,358.9089999999378,1729.0000307606533,39604.4527662037
570.892999999327,360.13000000001193,1730.0000328803435,39604.4527777778
571.8919999999598,360.68500000018685,1731.0000350000337,39604.4527893519
571.7809999986621,361.6840000000302,1732.0000289473683,39604.4528009259
572.7799999992949,362.016999999978,1733.0000310670584,39604.4528125
573.5569999989111,362.57200000015655,1734.0000331867486,39604.4528240741
573.8899999996484,363.34899999976915,1735.0000271340832,39604.4528356481
576.8869999999679,366.56800000031944,1736.0000292537734,39604.4528472222
577.8859999990236,367.45599999965634,1737.0000313734636,39604.4528587963
577.219999999128,368.4550000002855,1738.0000334931538,39604.4528703704
577.4419999985676,397.53700000021126,1740.0000383611768,39604.4541203704
577.9969999987425,400.20099999979357,1741.0000323085114,39604.4541319444
578.662999998638,402.53200000022116,1742.0000344282016,39604.4541435185
578.9959999993753,404.64099999962855,1743.0000365478918,39604.4541550926
578.7739999999358,406.3060000001569,1744.000038667582,39604.4541666667
578.8849999996564,409.4140000001971,1745.0000326149166,39604.4541782407
578.5519999989192,412.1890000002895,1746.0000347346067,39604.4541898148
578.8849999996564,414.51999999992404,1747.000036854297,39604.4542013889
579.7729999989915,416.51799999961077,1748.000038973987,39604.454212963
581.3269999997992,419.29299999970317,1749.0000329213217,39604.454224537
582.6589999995922,421.29100000017934,1750.0000350410119,39604.4542361111
584.4349999998394,424.5099999999402,1751.000037160702,39604.4542476852
585.6559999999117,426.5079999996269,1752.0000392803922,39604.4542592593
586.3219999998073,428.28399999987596,1753.0000332277268,39604.4542708333
586.6549999989675,429.6159999996671,1754.000035347417,39604.4542824074
586.9879999997047,431.2810000001955,1755.0000374671072,39604.4542939815
586.6549999989675,432.8350000002174,1756.0000395867974,39604.4543055556
585.8779999993512,434.2779999997292,1757.000033534132,39604.4543171296
585.2119999994557,435.9430000002576,1758.0000356538221,39604.4543287037
584.5459999995601,437.7189999997172,1759.0000377735123,39604.4543402778
583.6579999986461,439.1620000000148,1760.0000310922042,39604.4543518518
583.7689999999438,440.8269999997574,1761.000033840537,39604.4543634259
583.1029999984712,444.4899999999725,1762.0000359602273,39604.454375
583.1029999984712,446.820999999607,1763.0000380799174,39604.4543865741
583.5469999989273,450.15099999987433,1764.0000313986093,39604.4543981481
587.5429999998796,453.8140000000931,1765.0000341469422,39604.4544097222
587.4319999985837,456.2560000002377,1766.0000362666324,39604.4544212963
586.876999999984,458.6980000003823,1767.0000383863226,39604.4544328704
585.7669999996324,462.2500000000873,1768.0000323336571,39604.4544444444
584.4349999998394,464.58099999972546,1769.0000344533473,39604.4544560185
583.7689999999438,466.24600000025384,1770.0000365730375,39604.4544675926
583.3249999994878,469.24299999978393,1771.0000386927277,39604.4544791667
582.8809999990317,472.24000000010346,1772.0000326400623,39604.4544907407
582.9919999987505,475.12599999991653,1773.0000347597525,39604.4545023148
582.6589999995922,477.1240000003927,1774.0000368794426,39604.4545138889
582.4369999985756,478.78900000013164,1775.0000389991328,39604.454525463
582.1039999994155,481.3419999999969,1776.0000329464674,39604.454537037
582.5479999998715,484.56099999975777,1777.0000350661576,39604.4545486111
582.769999999311,486.66999999995096,1778.0000371858478,39604.4545601852
582.325999998855,490.5549999996074,1779.000039305538,39604.4545717593
582.769999999311,493.3299999996998,1780.0000332528725,39604.4545833333
582.9919999987505,495.4389999998966,1781.0000353725627,39604.4545949074
582.5479999998715,497.3259999998663,1782.0000374922529,39604.4546064815
582.1039999994155,499.10200000011173,1783.000039611943,39604.4546180556
581.4379999995199,500.87800000036077,1784.0000335592777,39604.4546296296
581.6599999989594,502.5430000000997,1785.0000356789678,39604.4546412037
581.9929999996966,504.4300000000694,1786.000037798658,39604.4546527778
582.4369999985756,506.09499999980835,1787.0000311173499,39604.4546643518
583.7689999999438,506.98299999993105,1788.0000338656828,39604.4546759259
585.8779999993512,509.0920000001279,1789.000035985373,39604.4546875
587.6539999996003,510.75699999987046,1790.0000381050631,39604.4546990741
592.6489999996083,514.5309999998062,1791.000031423755,39604.4547106481
598.309999999512,515.4189999999289,1792.000034172088,39604.4547222222
602.1949999991684,515.5299999996496,1793.000036291778,39604.4547337963
606.1909999985437,515.5299999996496,1794.0000384114683,39604.4547453704
611.6299999990079,513.5319999999592,1795.0000317301601,39604.4547569444
616.1809999985599,512.9769999997843,1796.000034478493,39604.4547685185
620.5099999986705,513.5319999999592,1797.0000365981832,39604.4547800926
625.0609999998014,514.6420000003127,1798.0000387178734,39604.4547916667
630.1669999995283,517.5280000001258,1799.0000320365652,39604.4548032407
635.1619999995364,518.9709999996376,1800.0000347848982,39604.4548148148
639.6019999993678,518.8599999999169,1801.0000369045883,39604.4548263889
643.8199999997614,518.9709999996376,1802.0000390242785,39604.454837963
647.704999999416,519.082000000144,1803.000032971613,39604.454849537
652.4779999999846,519.7480000000396,1804.0000350913033,39604.4548611111
656.6959999987994,520.0809999999874,1805.0000372109935,39604.4548726852
661.0249999989119,520.636000000166,1806.0000393306836,39604.4548842593
664.9099999985683,521.6350000000093,1807.0000332780182,39604.4548958333
668.9059999995206,522.1900000001842,1808.0000353977084,39604.4549074074
672.7909999991771,522.523000000132,1809.0000375173986,39604.4549189815
676.5649999991128,523.0780000003106,1810.0000396370888,39604.4549305556
680.6719999997858,523.2999999997483,1811.0000335844234,39604.4549421296
684.223999998705,523.4110000002584,1812.0000357041135,39604.4549537037
687.8869999989201,523.2999999997483,1813.0000378238037,39604.4549652778
691.105999998681,523.4110000002584,1814.0000311424956,39604.4549768518
694.2139999987212,522.8560000000798,1815.0000338908285,39604.4549884259
697.543999999778,522.4119999996256,1816.0000360105187,39604.455
701.0959999986972,521.8570000002364,1817.0000381302088,39604.4550115741
703.53799999884,522.3009999999049,1818.0000314489007,39604.4550231481
705.4249999988097,522.523000000132,1819.0000341972336,39604.4550347222
708.4219999991292,522.7450000003628,1820.0000363169238,39604.4550462963
711.3079999997299,522.523000000132,1821.000038436614,39604.4550578704
714.8599999986491,523.5219999999754,1822.0000317553058,39604.4550694444
718.4119999991453,523.8549999999268,1823.0000345036387,39604.4550810185
720.5209999985527,526.2970000000678,1824.000036623329,39604.4550925926
722.1859999990811,529.5159999998286,1825.000038743019,39604.4551041667
723.6289999985929,532.290999999921,1826.000032061711,39604.4551157407
725.0719999996818,534.9550000002928,1827.0000348100439,39604.4551273148
726.8479999999308,536.5090000003147,1828.000036929734,39604.4551388889
728.623999998601,539.3950000001241,1829.0000390494242,39604.455150463
730.5109999985689,542.8360000001121,1830.000032368116,39604.455162037
732.0649999993784,545.7219999999252,1831.000035116449,39604.4551736111
733.7299999999068,547.7199999996119,1832.0000372361392,39604.4551851852
735.949999999033,550.0510000000359,1833.0000393558294,39604.4551967593
737.7259999992821,551.9380000000056,1834.0000326745212,39604.4552083333
739.7239999989688,554.157999999923,1835.0000354228541,39604.4552199074
741.4999999992178,555.7119999999413,1836.0000375425443,39604.4552314815
744.2749999985208,558.8199999999815,1837.0000396622345,39604.4552430556
745.9399999990492,560.5960000002306,1838.000033609569,39604.4552546296
747.7159999992982,562.1500000002488,1839.0000357292593,39604.4552662037
751.0459999987779,564.5920000003935,1840.0000378489494,39604.4552777778
752.5999999995856,565.9240000001846,1841.0000311676413,39604.4552893518
753.4879999989207,567.2559999999794,1842.0000339159742,39604.4553009259
755.4859999986093,568.3660000003292,1843.0000360356644,39604.4553125
757.0399999994188,570.0310000000682,1844.0000381553546,39604.4553240741
757.7059999993144,570.4749999997366,1845.0000314740464,39604.4553356481
758.7049999999472,571.1409999996322,1846.0000342223793,39604.4553472222
758.9269999993867,571.362999999863,1848.0000390904024,39604.4554050926
759.1489999988262,571.362999999863,1850.0000345287845,39604.4554282407
759.7039999990011,571.362999999863,1851.0000372771174,39604.4554398148
760.3699999988967,571.362999999863,1852.0000393968076,39604.4554513889
761.590999998969,571.5850000000901,1853.0000415164977,39604.455462963
763.2559999994974,572.0289999997585,1854.0000348351896,39604.455474537
764.8099999987298,572.4730000002128,1855.0000375835225,39604.4554861111
766.5859999989771,572.9169999998812,1856.0000397032127,39604.4554976852
768.3619999992261,573.249999999829,1857.0000418229029,39604.4555092593
769.9159999984568,573.8050000000076,1858.0000351415947,39604.4555208333
771.6919999987058,573.9159999997246,1859.0000378899276,39604.4555324074
772.9129999987781,573.9159999997246,1860.0000400096178,39604.4555439815
774.355999999867,574.2489999996724,1861.000042129308,39604.4555555556
775.7989999993788,574.4709999999031,1862.0000354479998,39604.4555671296
777.574999999626,575.026000000078,1863.0000381963328,39604.4555787037
779.4619999995939,575.3590000000258,1864.000040316023,39604.4555902778
781.5709999990013,575.3590000000258,1865.0000336347148,39604.4556018518
783.2359999995297,575.4699999997465,1866.000035754405,39604.4556134259
784.2349999985854,575.581000000253,1867.0000385027379,39604.455625
785.788999999395,575.6919999999736,1868.000040622428,39604.4556365741
788.2309999995377,575.4699999997465,1869.00003394112,39604.4556481481
789.2299999985935,575.026000000078,1870.0000366894528,39604.4556597222
790.3399999989451,574.8039999998509,1871.000038809143,39604.4556712963
791.8939999997547,574.9150000003574,1872.0000409288332,39604.4556828704
793.0039999985293,574.6930000001303,1873.000034247525,39604.4556944444
793.8919999994432,574.8039999998509,1874.000036995858,39604.4557060185
795.6679999996904,574.8039999998509,1875.0000391155481,39604.4557175926
797.4439999999395,574.8039999998509,1876.0000412352383,39604.4557291667
798.5539999987141,574.9150000003574,1877.0000345539302,39604.4557407407
799.9969999998029,575.1369999997987,1878.000037302263,39604.4557523148
