sensor_id,x,y,radius,traffic
0,209.61974001246534,591.765392464117,12.958745835603576,4.0
1,126.9471777235725,186.73493398529436,11.276978370189976,6.0
2,222.5012155954878,340.3852986177995,15.559558358769745,0.0
3,367.45350977165333,567.2415280856168,11.836921257389845,1.0
4,256.80043241613373,909.2107907214958,12.419425320754947,0.0
5,414.7142564780297,784.4227997314953,10.180489353303525,21.0
6,209.55434045211572,875.1796009958166,11.673617410361695,12.0
7,780.8682279019469,455.713330477499,14.177649060013513,0.0
8,586.2516421523859,164.40813678858356,15.109402441081691,6.0
9,92.21938134651957,2.1622359130401723,12.469647582360594,0.0
10,309.0200549074876,377.11340433720665,16.193810964035013,0.0
11,502.8009436317693,528.6176456312762,13.01288289740246,0.0
12,100.04634106847953,784.4095855459373,17.367708236464246,3.0
13,786.838884114913,17.763312365219907,14.649062185581148,0.0
14,354.5798949161025,747.3008977430445,18.695190642473072,0.0
15,631.6466736191226,317.32446628152275,18.021572232164996,0.0
16,635.2948606332693,666.0872971627093,12.637016597639219,0.0
17,289.0092579339446,551.3731709854753,16.654746557599182,0.0
18,332.8831516567984,948.3209015087541,13.841613266756632,1.0
19,467.4065024882571,329.3340120212972,12.971773579723799,3.0
20,608.137419044686,732.958648003643,17.984831931330802,1.0
21,150.2467243411325,204.02060513652765,17.001820828220552,37.0
22,230.53371824962855,758.9467204167236,11.026559862301873,0.0
23,536.1750865281873,464.06402014001935,10.260332682337538,1.0
24,399.71860909760994,252.82320692609983,12.325138242798138,5.0
25,142.85494173082168,76.72188444884706,19.691948340207496,5.0
26,330.5130411397271,855.1830450546624,17.639943403052882,0.0
27,159.35618816407873,747.63172251453,17.75658761795472,0.0
28,425.35952286962936,842.3102812706355,10.182461047215842,7.0
29,665.8965624543861,202.442029052146,12.292569517777146,1.0
30,148.20075605763589,474.77339747474355,12.029894891849041,0.0
31,765.8873789370085,56.4627518334127,18.45416269316126,0.0
32,340.3317321156133,125.39515864053719,19.293934272964304,90.0
33,403.2056313291498,873.3671814778879,10.925516295773757,1.0
34,408.37675746075763,584.2689475137497,14.908837868638514,0.0
35,12.63316176945155,497.04559945412996,17.453003549980824,0.0
36,585.3520549340993,232.4026692250515,17.288053253939,0.0
37,794.6440319126634,608.0105842147597,16.73064435272474,0.0
38,130.30202661581382,72.72334632571804,13.866919673160945,3.0
39,101.30782375267006,411.9870427445613,17.16112124325266,2.0
40,299.8673476640568,209.71809246837717,18.819064328572722,47.0
41,554.5755553609046,600.7362817509322,15.327192182180603,1.0
42,2.320824134967925,526.1500258181013,12.860293730767161,1.0
43,295.38324980758864,933.5152318519195,18.621914874198538,0.0
44,46.94346046409006,507.84014500858586,18.945148556557452,2.0
45,631.4688680192896,776.4812094781544,13.35042312000957,11.0
46,279.8153701599855,803.4090215695568,19.896900410833553,6.0
47,562.0189757710066,803.6481382685879,15.940440923024045,2.0
48,392.9832618127029,561.7970338104465,19.186350714959705,0.0
49,778.2978638950449,783.0397405751975,14.236390205333711,0.0
50,668.7743040260385,680.3125772677146,16.216608040811842,1.0
51,488.18986573856114,609.7325552939271,13.019286179406338,0.0
52,451.61518357963075,681.4223054768644,15.891189608585293,0.0
53,797.9113145767095,219.25138299556355,12.040586603896337,1.0
54,203.7793091567046,935.6552116094298,12.036256963269743,0.0
55,11.50228562185962,227.86988385710328,17.12424595395543,0.0
56,71.23605376199507,715.9481706406274,14.820907587396375,0.0
57,751.1860804367632,803.4180144917757,14.339424818824334,0.0
58,778.7675194941538,563.15877456453,11.940860399157685,1.0
59,393.18522386513575,621.530686797583,19.64882317949143,1.0
60,272.7487773225989,680.269251495515,17.368495156725494,0.0
61,578.2860943477867,541.3561140533604,12.749146252970945,10.0
62,8.717409896119399,793.787839524915,14.690827231912994,0.0
63,607.9625421159565,933.2583889725537,11.808449294341246,0.0
64,537.1222289701046,698.9715048842941,18.99648230381652,0.0
65,152.3564205570577,386.77356724173416,17.411761634604076,1.0
66,533.1717220558536,591.5302052660338,16.633447799529005,0.0
67,728.8979212482508,34.060387658124746,10.257872695616088,0.0
68,129.6939406079809,528.1949822877878,14.70469199871089,0.0
69,728.4626531028954,460.532078077401,10.366083504188257,8.0
70,259.48632284844706,65.5023696498344,10.030065563374306,1.0
71,560.2387360395568,225.81429205708233,18.167456077654535,0.0
72,212.36027065615514,300.94991490727097,12.229194645402838,0.0
73,415.16692030866443,754.5388521121431,13.845769665297048,0.0
74,141.9743879053609,24.2256637435606,10.89771775146436,1.0
75,374.27677785955524,897.866236611602,15.323018594605216,0.0
76,359.17161507596865,649.681477139293,18.79857944793217,0.0
77,316.8516927074619,274.34454651308516,14.184451714925544,0.0
78,633.5403471179038,123.86633032459434,18.808489198671346,1.0
79,394.71859582495676,564.6435544787857,14.588389225966374,0.0
80,579.1583183891447,704.2531900650096,19.525757374954306,0.0
81,634.4184261033544,555.2644740737495,13.044340189597026,3.0
82,281.2192798388014,99.44047763489671,11.298368710160178,32.0
83,727.722819862611,936.2351033756261,15.487676431575833,0.0
84,570.3100001263631,511.2300737657675,12.328959588360753,3.0
85,717.7981047654798,267.12294383560396,12.557183352886343,1.0
86,336.1666631880725,586.2672343908109,15.014602956577292,0.0
87,374.01287950859444,59.79036145202719,10.38523367379739,4.0
88,723.1417594642817,31.05213259088499,11.988781281827878,0.0
89,506.83888475338404,763.8600810873778,14.642802726621447,0.0
90,426.2635709003776,248.99441143826812,17.30420718098352,9.0
91,190.00861206550974,900.6515413280348,13.88243487230369,0.0
92,757.2031350662544,61.765856622699225,17.35186684423821,0.0
93,447.54409877980265,439.5783032284573,10.028889502797536,1.0
94,605.8812231101506,246.66214372460644,14.038144996694175,6.0
95,188.91936720161578,605.7495510534449,12.438518673506408,0.0
96,343.8069842933343,551.2498870708367,10.36846805349388,2.0
97,315.2908801489546,372.1436014210533,10.522416241788227,0.0
98,408.56751677298,497.6447265398754,13.724979359081951,0.0
99,100.32239687057869,145.9781363231018,14.284456325307506,3.0
100,546.9224844062148,226.57895557785835,16.423430263160576,2.0
101,22.151772120429314,822.0760877432633,18.293099773043217,0.0
102,187.0743376589255,818.4166300470381,11.55851916990044,0.0
103,589.1535968993039,937.8439153641466,17.482865895345626,1.0
104,747.3678429721507,415.87021223764316,12.187954553847668,7.0
105,490.88312434773246,62.00494073527783,11.089009711095317,15.0
106,325.98258476293125,308.52370767733026,19.47129672141536,2.0
107,683.1330300144294,81.56291616044092,17.378023646483545,3.0
108,794.2654349226643,742.2377189414686,15.289252457090996,0.0
109,236.29616314225723,784.064506081084,18.054369187619077,0.0
110,312.1340081115967,29.095054398476073,16.547369352019512,0.0
111,559.1654313942588,631.0385975372602,15.437492921290248,3.0
112,285.6155825939854,667.0935797172383,12.856385177828594,0.0
113,25.540080010711197,226.93256656807932,14.303223864265924,14.0
114,279.31327515486356,417.6045822356932,17.946813472625177,0.0
115,387.80707836080825,948.3697967794409,10.28093610728281,0.0
116,38.58807884918063,831.9246829820986,17.214124992291133,2.0
117,732.0203236938486,642.8480438881313,17.114304239787042,8.0
118,580.4532973331451,603.6757648634037,15.846612220607284,5.0
119,617.9691680851153,802.0864660502327,17.44772422221616,4.0
120,77.15998857788237,348.9879220135276,16.486627994286632,1.0
121,29.783896956748368,389.3468135855675,18.438561484584277,0.0
122,207.85010035252895,897.989607528223,13.512419009740999,2.0
123,100.40619374766572,436.2140493861163,16.66150247284179,0.0
124,190.5195852342094,319.9827500608418,17.09603275460031,4.0
125,545.7389464748719,638.7551500600375,11.278670417674602,9.0
126,384.97490484096693,418.5448436522037,11.258256730845531,2.0
127,749.2067125709398,715.565548217361,19.201332335179607,0.0
128,465.11890425952214,371.45771046677805,12.131281005593818,4.0
129,148.88595239782552,575.0287477118397,13.214163564960316,0.0
130,149.5425639509741,180.6154644237907,11.537982785697517,27.0
131,270.84289809121975,125.04884254505174,13.377268888469402,37.0
132,346.21381295078663,839.7311412629612,17.84123872166448,1.0
133,61.4162342155157,942.9230509228635,17.00073262744129,0.0
134,508.80695026688574,237.77334354961855,17.111881363907365,14.0
135,46.72763621860412,298.47064382760755,18.480863422651638,8.0
136,578.9438685583897,286.1999475747789,19.871678260211493,51.0
137,528.0815918925659,649.0725996602365,13.634453079315694,0.0
138,7.054858235718697,156.42032374566753,13.059126919843518,4.0
139,610.5451038567682,682.6776103564283,14.159993626460587,4.0
140,270.90557654934145,571.2137409994486,14.864483956109803,0.0
141,620.9702167836905,96.43882384105758,19.84428948598661,4.0
142,268.63717314301186,570.5122114531863,17.64700296990327,0.0
143,464.43370084296845,730.079661244938,15.812413201841636,0.0
144,137.58155318437878,57.051987362116016,11.398836128346467,1.0
145,676.9741409259965,65.2067919906264,19.082068276117248,5.0
146,216.72240853367884,947.039738010124,12.12171344518872,0.0
147,595.7113789729698,639.0024525890991,19.28556033972358,0.0
148,450.73574555301644,34.33375978569402,13.211433788617088,0.0
149,720.0703138061602,423.5893615627074,13.17854877861961,1.0
150,438.65766643345063,517.9514630179242,14.857196617836308,0.0
151,20.1130856873176,399.59188648601094,12.374766673098076,0.0
152,64.51173762060805,594.2165086674912,18.63960543983187,3.0
153,764.447179999152,780.0775250761363,18.834835923393758,0.0
154,364.82523580301313,375.23653645897997,18.263044077716263,3.0
155,117.87777002764611,237.27566524091563,12.761248395090625,2.0
156,539.9688046983324,492.3293870448564,15.411624406466764,0.0
157,498.9333355853118,6.360055924050884,18.69946294953617,0.0
158,440.16497075336144,194.64775057122972,12.005150904116121,22.0
159,724.6002892592711,626.9724476538756,12.513806769035352,10.0
160,718.6551376251467,272.7293907561926,10.61991773791173,9.0
161,209.92196227865705,262.89425593018944,10.883130972416703,1.0
162,575.3254340498219,544.0132363347392,13.06875536845003,10.0
163,388.1171925962679,412.24099087461093,14.228433216265879,3.0
164,224.70786975446745,136.9217054927554,18.36431180277922,6.0
165,46.62353649998616,945.2394896620074,16.97383846538574,0.0
166,164.04679132512197,920.1635285102943,19.33269208673607,0.0
167,512.0312633614452,448.0032260893732,17.652840875491908,0.0
168,228.7794703367048,703.2256915236165,16.70568025621799,0.0
169,354.03064465256415,628.9385819761802,12.050975769165632,2.0
170,276.75653857470513,679.619386649038,12.409739739937319,7.0
171,399.7896847860294,491.3557707560717,15.547765517994597,0.0
172,524.0577187749788,234.43436515565548,18.05831309655621,0.0
173,759.5319339034362,478.11689021306154,12.26027537168995,1.0
174,26.45939893253475,907.6540529210989,12.694215714059949,1.0
175,445.0712126835588,676.0051267493715,16.65341539343877,0.0
176,512.6401383840351,7.820436057456032,15.79031575781203,0.0
177,126.75280136063662,388.64414797308916,17.09109687679014,5.0
178,581.1580712097183,413.46244892928945,18.43271884499127,23.0
179,302.8160786659937,833.2314807794882,11.233535221200606,0.0
180,409.2425732200294,407.01433566493296,12.280124859911295,10.0
181,462.592850260833,305.98134710177544,13.569086668549772,1.0
182,676.2246161252693,732.3854901753178,11.062034293546064,0.0
183,561.4632478017778,873.2933324804391,12.5810728914747,0.0
184,503.3517516185653,144.54394578972634,11.045039028402284,3.0
185,41.0744451815626,947.5963813201212,12.315619674034512,0.0
186,36.72796451015073,876.8683273364036,17.333966020002883,8.0
187,423.2120351465727,315.6106540013594,13.351447998797871,0.0
188,626.4342333528149,483.89597031906817,15.14177817511806,2.0
189,562.4622925619184,121.72709390897211,16.83935534331957,2.0
190,157.29509550411126,873.9701386013564,18.328164614475746,0.0
191,217.3955339106155,402.6661406971315,10.737530511517829,6.0
192,172.20033184202208,218.46177989281844,16.255524953666377,32.0
193,326.67754908271667,199.6022643815551,11.869101645021749,39.0
194,524.2208338803196,546.1055497811568,19.11874657870145,6.0
195,216.25589558544425,834.0132063726786,14.05537033941408,0.0
196,224.3556973928885,358.0192615613151,14.892725417409801,0.0
197,625.4159221581551,599.6282347049088,14.44346874420482,1.0
198,681.6931463975803,806.2619568722066,18.251642738388394,0.0
199,437.9489576893366,21.885346279202967,17.665965702895715,0.0
200,579.291456105537,757.3467122453038,16.000625417986054,0.0
201,346.5342094782095,807.9307116273857,18.849346753227586,1.0
202,656.4269578841677,248.65335865830275,12.266071495276705,0.0
203,659.4636312605307,208.5909959992816,15.878041177194852,0.0
204,13.233170070789857,551.6273059828271,15.433737954930484,0.0
205,586.4321651730463,556.7802264927404,10.701868058189275,17.0
206,573.794419608256,190.46444340810993,15.34953236366723,1.0
207,575.405899887937,442.56190733946653,10.512261834894272,5.0
208,628.8585928467259,526.3819672748505,14.2406138431794,2.0
209,749.753266862687,173.10593114337198,12.21642609096237,2.0
210,526.5304044586907,307.6881966789653,17.62180464395376,8.0
211,149.99830542016906,576.0903298840115,15.29322640326983,0.0
212,550.5642992642612,164.59860054818589,14.515934601716218,2.0
213,792.3129059035355,420.2316424679546,15.692056672517928,0.0
214,731.4962869729254,423.31974815479543,10.755611972821407,11.0
215,692.0656205002977,873.3372883005094,17.53281315193246,0.0
216,37.362466415591115,686.126553953879,18.663306126444084,0.0
217,6.271191637751361,648.6130167807854,17.477264482230275,0.0
218,599.6053684494748,242.0828753041838,16.281750509722,2.0
219,586.8319387510628,647.8479870365526,10.040355023549454,1.0
220,566.6961314394132,8.701332065331696,10.86807062309205,1.0
221,125.66607111399844,400.4253799019952,10.210497089246724,2.0
222,94.83690778813632,928.8345475701628,15.966475115612015,0.0
223,128.3215815072727,311.4665807083401,15.464860735034929,0.0
224,658.5382605935382,887.5991078920416,12.509888200452611,0.0
225,322.9744002337525,731.6260676187528,17.91291659072471,0.0
226,143.30456972406208,264.3917715332555,11.685068783254088,7.0
227,505.165011646033,228.1318663938086,14.034407042914058,22.0
228,30.49765397672397,144.14081412868723,13.945905964189377,3.0
229,75.28252051248181,497.393695349097,18.683422323526372,0.0
230,89.3503164290303,496.84343459110295,10.001004362358206,1.0
231,551.5622633521176,387.5502978229964,15.82145490902415,2.0
232,493.8127299702783,781.8768134591261,16.743686555399513,1.0
233,459.0422616052175,786.5595970648253,16.808938022972647,6.0
234,660.8874585192187,505.0361140970562,10.65038294518069,0.0
235,595.8222628163389,656.1081770012831,11.457221195097922,0.0
236,181.3209633461172,468.30558100328614,15.776159631126825,0.0
237,70.31092824478193,456.0219260676458,17.139926186144816,5.0
238,400.7487796203413,585.6110685254982,12.120475545353486,0.0
239,250.95343823302773,206.18044364562647,18.302341517111522,38.0
240,214.37875829266338,124.06999037169335,11.8680220446444,14.0
241,407.55353722878374,533.9169946739132,12.324597044738185,0.0
242,561.3029242538345,295.60709368540387,10.796935696946559,21.0
243,725.7471659595229,466.0681327225441,11.836287082363686,9.0
244,363.03449626258475,277.33171932552375,14.159779217537515,19.0
245,426.5668661532743,251.5840524123316,11.638304803250447,10.0
246,647.0521533416963,401.1696334845382,15.700662318866016,2.0
247,311.38013599710587,1.969465456711017,17.432050652144,0.0
248,594.3854264706318,257.20570551895304,13.154534651778214,7.0
249,787.92836319044,349.9967866255755,14.942919970136494,22.0
250,168.5938680778463,466.5982578256987,14.012360293252046,1.0
251,462.731979472761,898.6600385372475,11.277504850590486,0.0
252,576.574078181032,528.0930363286218,10.904886974023714,8.0
253,106.85065334110107,817.1698845156993,18.856445526214905,0.0
254,650.4070408484056,567.5323081677539,10.367232101682287,5.0
255,589.692541885475,386.4182783799186,15.11594902950138,30.0
256,595.5186047562142,16.509363437345225,12.693612903772411,15.0
257,674.8319485363082,883.0669108067872,18.86720394705128,0.0
258,599.8072556194372,341.8651249331088,13.75617507436568,6.0
259,592.8911842937712,858.0445468129483,12.022785649615685,0.0
260,513.5243702231019,786.3277326549015,18.25900141099664,4.0
261,511.7791834928834,68.8691734962336,14.299225367787415,37.0
262,662.281872185351,123.928075408062,12.328502464612933,0.0
263,667.2251861711007,269.03924291838945,15.91967486015726,7.0
264,177.19277624678176,435.97673484179023,11.828983829489378,1.0
265,529.7404678034799,611.073096561843,18.935395888737226,0.0
266,143.37594302996467,844.4619826912168,15.58380765079168,0.0
267,657.2375589995172,407.5052612364092,14.50109809263659,0.0
268,25.464281172556724,706.2499684978268,11.909695357571243,0.0
269,27.39707975586212,867.9432163043067,11.68523927174158,9.0
270,15.54374444122244,126.45712630982594,12.970958164039477,6.0
271,516.4643561332205,895.6631633228113,13.12461655092313,0.0
272,425.32441163306584,756.6157256925422,15.127635964807993,0.0
273,22.04897732846609,708.2455521506035,12.296097439028191,3.0
274,21.15410212628417,423.6764527687551,15.847286291795507,0.0
275,598.1457331376681,70.40510725154608,18.677090088551246,27.0
276,598.9569224816967,247.15247556564694,11.454942350460588,3.0
277,185.13697569870766,626.9977643422907,17.648414755932357,3.0
278,627.6224258746322,22.91302724376887,16.037840410959056,34.0
279,675.3903230893588,732.7948047039812,13.527700041402197,0.0
280,664.3785317215822,924.4852758708527,15.78530457532035,0.0
281,444.0823328922871,116.82625799227966,18.22500289821931,39.0
282,553.4433408455513,612.8235969512069,10.540803886727243,3.0
283,617.6637856481638,806.6762958071727,17.094608570597195,4.0
284,590.9954883412414,668.9422680307006,18.949323761945074,0.0
285,325.6554060688403,803.4595057447143,12.499323206239694,3.0
286,537.0674225553354,885.9550941585121,13.07225322158637,0.0
287,557.5415169343725,767.9467777196194,10.59121893315676,2.0
288,652.0509858489352,428.2177733902842,11.269219901129633,0.0
289,279.4630351057424,554.522067838888,16.00277750203377,0.0
290,418.98131498491483,463.28826538269897,19.275701189046956,5.0
291,153.43764535479886,582.9672667663228,11.606676897785778,0.0
292,201.95588196698412,488.8631705004628,17.39978240875049,3.0
293,433.16990954623043,608.024167134587,15.419134735148848,0.0
294,241.19895432511686,757.4086443921508,12.6565413377225,0.0
295,516.0186912152913,907.2470324553605,14.294203412496056,0.0
296,39.12158450408434,477.48095001495585,15.392625588562899,3.0
297,87.5024082342005,426.47969766320415,16.87336113041892,2.0
298,606.1418257631251,224.39546109366543,12.554693282992945,4.0
299,354.2821589660655,855.420002847505,14.75562074990853,44.0
300,775.763253481422,761.5087544488842,18.90465198442366,0.0
301,98.02810964353883,358.90697103211346,11.714734382625538,0.0
302,286.25889912754144,178.257009851185,14.283335414641268,3.0
303,738.7965753404762,422.6260128572243,17.432731647997933,8.0
304,668.699971654676,893.0570901859929,17.607017194364623,0.0
305,782.5315188082615,357.218079852234,13.978744584246405,22.0
306,156.43250549558658,304.11467799465635,13.830394735577698,9.0
307,287.4862567570335,843.4810216262541,14.78070582272864,0.0
308,516.1845744688399,851.4951199512161,12.812041388731016,0.0
309,221.6564136443254,355.77056981758926,15.888136703426255,0.0
310,37.50671547634994,902.2108098793974,16.243728183337183,2.0
311,465.2496236725395,796.1028123122037,14.500001758249741,18.0
312,150.11897365595877,558.0225608426822,14.435794539784721,0.0
313,631.4653777063024,233.39362776453166,11.051491548080165,9.0
314,304.2797387105796,224.52997610082983,18.49200305490553,27.0
315,261.16991790954893,312.8294500745992,16.288367528047416,0.0
316,521.0426797113801,931.8738198892238,12.09152921938576,0.0
317,499.82465314649886,532.380522410816,19.54929149964906,0.0
318,249.260614394161,731.5822372980441,16.57471383617059,0.0
319,598.3408701225732,427.1165389851109,15.89776940837385,14.0
320,322.55236473843735,822.5587758892199,15.629613793196889,0.0
321,611.9721953352922,905.940850402069,18.9780711775857,11.0
322,35.37433893122311,660.3356752513108,19.647757118393102,10.0
323,727.878230394985,494.0771271379366,12.461000520574906,13.0
324,517.0905430978136,179.17843498692687,16.752073986832595,1.0
325,362.1054369620695,774.3113314347167,10.915366702355602,6.0
326,17.636066834293995,801.886014576749,15.691465872719323,0.0
327,167.05575737130357,896.5848572969223,17.63802778090337,1.0
328,490.6329386867518,820.5713348501635,12.273215398287693,2.0
329,742.4448463085548,387.1366340209035,17.4663574802972,6.0
330,483.39917158155777,286.49007219948265,19.9844123246854,5.0
331,449.15473168456197,450.50312445301057,13.112724440623296,0.0
332,331.4592321944227,927.9070228270589,14.594117142958037,3.0
333,668.6988521823105,789.3172971134185,19.7623632365759,0.0
334,465.0186069655339,121.53061437140418,18.43949598731161,18.0
335,595.6949425419035,794.5878741066364,17.7876942756564,2.0
336,196.6071936975472,375.02834649648065,16.63293975854873,4.0
337,91.52730301379428,927.7350055195325,12.023870406301914,0.0
338,791.8222936705456,949.367914364014,16.24921724229207,1.0
339,26.06732277030641,694.801659520431,15.002043042603525,0.0
340,177.18641920237923,797.5853367390544,12.558829205447907,6.0
341,332.2260985590998,202.93401205680698,13.021743380789687,58.0
342,191.41525972053702,337.7833447827174,14.038565235802498,0.0
343,212.38884952979004,802.6212434907329,10.758473482785062,6.0
344,444.6088384635619,302.37276615216956,10.335721268211701,4.0
345,487.96111260150565,469.9415534987419,18.767812201001647,5.0
346,485.40334556931015,726.7662643782501,16.85624176470605,0.0
347,609.1657473105539,419.60268066999424,12.527276073664346,7.0
348,172.22455433144833,543.9338526787922,12.572761123260618,0.0
349,714.8575485333398,535.0846784006491,16.038557606295562,3.0
350,528.2981930482666,835.0054500641048,13.236945827876173,0.0
351,36.19278690262702,751.8204434228411,15.455871893336873,0.0
352,477.50707559249327,719.9571626827758,12.41043171151279,0.0
353,301.90472536138884,311.56757203628985,18.633941757429078,2.0
354,275.4418476730324,447.8251423777772,18.890421941430752,2.0
355,159.0087444738769,906.910986189673,17.03189888106314,9.0
356,572.3353537000812,132.94379494362605,14.585977517091075,0.0
357,781.8378880745937,654.7015536260346,17.289395647287925,1.0
358,222.2850377608543,182.89480270791404,12.270468847908113,0.0
359,524.3953022848749,249.87020033649856,17.61656033594075,3.0
360,349.78986200604965,401.7467224520315,17.498327580107734,2.0
361,346.51316987848355,239.30882713687734,15.388337907647658,61.0
362,84.59641147004105,460.9267682532561,19.42642469979831,0.0
363,201.2003869349253,677.3122206784365,15.686873069152321,0.0
364,694.5325446696492,370.5757066397916,14.757618536452501,2.0
365,92.69939016196771,112.02993336451135,17.47453830737912,30.0
366,253.2467910116873,581.8164915308181,18.369580760107738,0.0
367,571.9045610637476,888.1391327471067,13.500138506597601,0.0
368,303.5491581477328,693.6891148145346,15.339471196291408,0.0
369,216.36337854585176,616.7509733539501,12.825573162709478,3.0
370,757.5228474230325,104.90618335479289,12.127968106597834,0.0
371,728.0075746825175,551.4801266560413,17.69752829879543,15.0
372,488.21473943837077,248.26267283459495,13.772316324370367,46.0
373,796.9329803019039,374.26839092522243,12.324699199846233,11.0
374,789.2796284876374,469.5746326537371,19.844212942884727,0.0
375,702.364397253864,289.4309156666055,14.39927174584685,33.0
376,401.1806716935103,928.059449794604,10.582429875304916,0.0
377,649.322131316919,120.65326721201302,17.121263622299264,0.0
378,636.7222092837716,594.6222838343587,10.77934048067801,0.0
379,142.06863982501926,928.8247783073689,15.668863543463846,0.0
380,485.9299185501448,400.0802236109694,16.484521488345063,2.0
381,78.30255878376562,492.9641629345183,15.744454141149298,0.0
382,183.05685818993237,143.25411458949063,15.294648118141314,2.0
383,114.59354074690937,935.5334570747615,15.021853629526827,1.0
384,247.65378880485196,752.7809234906069,12.077156869033235,0.0
385,362.7454351744294,592.4708251483847,16.506244766357383,1.0
386,237.10509758952608,648.6980934317991,11.506414436983748,0.0
387,447.60684206635045,31.372240025791143,11.184062877036826,0.0
388,697.429766481778,608.9054920780666,11.5704538221396,10.0
389,165.6618821776023,645.3920277385853,16.97732055442578,0.0
390,46.080602276261295,816.8271720301426,12.106383027136904,4.0
391,726.4459834694732,611.7533780016627,14.821736439841475,9.0
392,272.125330612468,479.01975434972803,10.72834831014739,2.0
393,672.9999080610669,844.2690193528824,19.612338242502187,0.0
394,745.8678802189713,727.4588984375542,12.655882276431777,0.0
395,647.6061036874102,242.32470998030269,18.23432324753306,1.0
396,50.20495491664194,710.1461609312108,18.771294268703716,0.0
397,322.27871731653613,706.5738061702458,13.62271318384247,0.0
398,205.40655372217458,543.8617016461965,18.327249713505488,7.0
399,515.2755434478021,544.126162800545,13.9000488959026,3.0
400,458.22653436865386,392.5713451647241,11.88707475555427,9.0
401,740.459030358647,859.9829480723562,18.318189263022468,0.0
402,315.1028610399858,826.4508732195565,12.687600915221484,0.0
403,670.1134974129643,646.1627810475036,16.307049984553174,0.0
404,545.723878821577,887.6596466982637,15.988458531357908,0.0
405,266.9720852313609,787.8255267378537,18.63128037159324,0.0
406,227.24947483429244,513.6807586283405,10.916020580884126,1.0
407,564.1656808067211,239.76141538511015,13.277138682138528,2.0
408,457.0444139388837,536.520447653527,16.82456532368805,0.0
409,777.0546718904807,613.5409812746769,13.697413000147279,0.0
410,175.78865462807372,770.1895390325842,15.681673014020756,1.0
411,188.77704290490874,506.1441237856361,10.726826255067882,0.0
412,554.9915629674583,925.1432705936276,14.555310157541905,0.0
413,529.1518391575192,197.8298441412193,10.850355239395684,0.0
414,735.8919484740481,220.70087963510986,19.421520215209526,5.0
415,737.5805363435268,601.1838704056017,18.14054662164629,1.0
416,202.52196281048828,571.2298060459742,10.903480126406658,5.0
417,429.97541809154285,295.5866593326976,15.46599265694637,2.0
418,316.42566531935523,604.8063070126266,10.017775915750466,1.0
419,73.26066695886348,923.0464520869103,17.86058620932209,2.0
420,218.47394137122595,868.8729832821738,16.377226822375313,4.0
421,68.75357358001493,760.5014193269147,18.38978188769723,2.0
422,781.0531534725781,195.85640653466265,11.95507551645904,1.0
423,719.885568321637,825.6569424654709,13.981464014838817,0.0
424,667.0431947073737,550.7112487705566,17.20319405256635,2.0
425,783.5332270668238,714.6794299363308,16.949470598772837,0.0
426,477.9428505377091,488.3380676616552,14.91367043882719,0.0
427,543.8716811777015,79.25545505385591,12.857128643201632,7.0
428,177.3045710880397,95.21835778443307,16.74696362263684,24.0
429,740.8332767345157,677.7204005871009,19.8893431407325,5.0
430,30.81747703227453,605.4157847821631,10.69297921281679,2.0
431,505.70552572445075,232.2847192441151,15.46486027006873,24.0
432,31.76485063010661,70.37902355506549,15.05696285834242,3.0
433,778.692208171214,121.5362087293036,17.279369149214354,0.0
434,700.4799787102868,737.4378965162956,19.330681203492517,0.0
435,402.98906356152423,32.9908095961238,12.598525777504172,3.0
436,471.4993165545198,612.9175146055786,13.057408624043328,0.0
437,224.6603732927338,876.9302577428157,17.34966574688724,7.0
438,122.49214335070047,103.10037674711747,19.407833561188912,44.0
439,663.4604795923749,894.975232218149,16.08273809802295,0.0
440,105.07185768274896,644.7543208328667,18.528630365523135,0.0
441,105.77055068645595,341.22265828058653,12.328447329346462,0.0
442,275.42477548071645,182.66647541692492,17.25195471221317,10.0
443,790.5262924126921,582.38348031044,16.25634131544155,2.0
444,386.6270284846083,481.1851890364056,16.74831079021184,1.0
445,246.01383173140735,365.0244879283848,10.951658585260523,0.0
446,200.0645540824667,484.40260408571993,19.044821308960874,5.0
447,625.2121061967752,471.2306485807506,15.826913467874064,6.0
448,116.95663257515925,886.3199805482424,13.292481721196477,1.0
449,350.75908895482576,262.4924629684827,16.54051930886147,48.0
450,694.4587645613086,800.610472227317,13.47277781139665,0.0
451,11.127952279212572,889.8956431171705,11.513269907881076,3.0
452,605.9462449646614,723.9805097235785,12.591219410794086,0.0
453,783.2003370105912,897.5191401233385,14.917205721071927,0.0
454,186.44663400223573,161.4630512119559,17.37303180094564,6.0
455,592.5316305989861,16.01494904445977,12.45961480432124,0.0
456,640.2367994468331,470.0568680154952,15.22307022377441,2.0
457,696.9761653811694,196.03142528927484,19.47091524866218,0.0
458,556.8379069852439,287.9057124970625,10.644572750274396,41.0
459,176.8160090476739,727.5602930965343,10.254990584302778,3.0
460,65.08539951251765,399.0118960519627,13.817362921126703,20.0
461,447.31280587333526,683.6771223506227,11.998788398644969,0.0
462,447.52251035732525,646.5301506259193,16.42907146777016,1.0
463,319.72407125155434,813.2150263159397,12.284928482409292,4.0
464,436.77661301760884,364.87871550815817,16.196420129251557,2.0
465,133.09223298378436,891.3870945753619,18.69449986341576,0.0
466,138.70780406712396,912.8682786996764,11.104171105525765,6.0
467,571.8267332232518,485.9309123951056,15.111867086237542,7.0
468,797.4321515804984,232.57717315137305,10.289915496015706,0.0
469,640.7840495355086,180.47897900305455,17.074679200150065,5.0
470,132.8845341024815,483.3700176252693,11.630863412006535,0.0
471,619.1399298876688,265.2973591980053,16.305110394938257,9.0
472,232.33255353362648,103.34819782762717,10.37528341877078,27.0
473,741.9947097110293,54.16233330727914,19.510181943190382,0.0
474,378.42003928608153,647.3284030463652,14.325357326242013,0.0
475,318.41749641926674,532.7586592107956,11.151311164009794,0.0
476,79.63954690942501,520.1935293465285,16.763818447175076,1.0
477,404.03310557585047,126.74811029839415,18.873245283284675,13.0
478,70.4373759506315,801.7225206708595,12.679277072726592,2.0
479,547.795032829855,130.992588071221,14.229326613873624,0.0
480,110.16080547782377,297.92347888160754,18.63842036358657,1.0
481,376.0517939886231,700.0247200731168,17.474771931228243,2.0
482,198.01192629555402,424.2122593099227,14.040175594575686,4.0
483,799.5980537274964,872.9290020732492,13.363759618570867,0.0
484,217.98989147394252,719.1573009130086,10.802035239453229,0.0
485,468.13302063499475,678.9454961049679,15.280624171414345,0.0
486,11.523515735514422,216.16300906520348,10.205111662022334,0.0
487,488.87987881634996,249.80690299482833,13.126241639248068,46.0
488,408.74221517184094,333.18415482777016,15.213209647849393,2.0
489,386.2395663655319,873.2886728431439,16.99215038634764,0.0
490,322.2750814715627,623.0153509105921,10.833187035346722,2.0
491,711.2790738209587,807.5295033694777,16.204563015220362,1.0
492,146.64363369262796,445.17952530890847,11.573709837285831,1.0
493,554.8729910294568,105.0154046687906,19.651777932478666,2.0
494,622.088386736732,296.55032782424075,11.288054194039661,15.0
495,587.4930499221567,684.1236548196257,15.04331784068832,7.0
496,485.56185108337974,163.24101925790148,10.313965065034056,5.0
497,560.3237512834511,70.71611334002183,14.878007433352044,32.0
498,192.59499243597284,3.003919873851557,14.430584692105224,0.0
499,68.1033427298801,139.3968246599328,11.641968262041367,6.0
500,728.2983581948349,610.4937420998539,13.272732131264842,9.0
501,428.5080411259331,492.2664810006088,19.0875873369324,0.0
502,193.01240683871166,373.9616009428062,17.726203799670586,7.0
503,674.8629165469351,95.60999424142196,13.847019787540614,1.0
504,652.8654120690568,202.31603968575965,11.202695859810046,1.0
505,190.80041582769107,860.0653748070523,13.136493485486756,8.0
506,697.6976217777213,182.4125631522669,12.058131224991445,0.0
507,261.11494043996925,525.0386206497456,14.52441591905449,0.0
508,305.67634727414844,378.21028980910484,10.179724569037793,0.0
509,323.97398738924676,183.5277521225861,10.31328575053194,17.0
510,404.92961672848094,768.9025575697121,13.768394355821943,0.0
511,192.38047290554343,183.62762003057261,16.2256544123142,4.0
512,379.08557907727067,884.9188700296806,15.803986194198322,0.0
513,209.40407733520237,360.40186517232513,12.703432218938952,0.0
514,312.9166047127135,681.6004418647645,17.968823781862483,0.0
515,710.1602521717788,83.45756811619027,13.742960606902564,0.0
516,274.4229474756703,54.880916947723165,13.82832467466481,1.0
517,114.42010359153115,196.0984372314223,17.710574850915656,6.0
518,580.4752355490392,460.4995953102258,13.80571038841041,31.0
519,230.07597335658875,895.895109448951,18.315815329896694,0.0
520,618.682999922067,136.95312572461611,19.840010444294705,7.0
521,797.5542168962805,945.7045558624409,14.852308666451702,1.0
522,446.4470228791421,454.30197624970805,15.039167546897207,0.0
523,138.13699562120777,632.2378704715454,18.192851145194254,2.0
524,348.03876456049795,478.2435462805168,12.98508180016839,0.0
525,329.52897226710684,536.5983869706193,12.233733124386704,0.0
526,12.230658308762532,696.1253242313096,14.202772304456783,4.0
527,61.591363771963614,256.60760116829834,17.94852977409493,2.0
528,550.5936637658708,742.4513060112166,15.5206840738458,1.0
529,439.73331572729785,246.3601197502408,18.35245442057753,9.0
530,745.9643375220685,732.9769898537163,17.494899772829136,0.0
531,475.7919732911952,663.7439549095043,17.55971888023338,6.0
532,552.0452792103362,464.86028974090846,14.499269837710644,3.0
533,430.3789917653608,878.0566335138582,12.570192570909942,0.0
534,462.37825818537345,119.88091181356748,18.294089357371824,38.0
535,30.984934530869523,11.367990550816632,19.2186050030328,1.0
536,204.12969157564885,804.361523780011,10.514433404171422,4.0
537,488.11323532866373,73.47884869256536,15.713061553644241,18.0
538,57.20868011435209,896.358122467838,10.954686276955739,0.0
539,362.7987851107008,72.3054623012642,16.951830943073734,4.0
540,593.6464739714538,290.28637106754707,11.21881162036346,33.0
541,22.742547489722487,171.44673650533218,19.37968302760951,0.0
542,703.0011986803041,117.80944941003048,14.810820567291776,1.0
543,591.9184744723757,192.70485196589533,17.378432928626854,1.0
544,502.9103090705026,682.3183528066962,18.40681657369229,0.0
545,233.19502873881416,622.4315509782796,12.210486238841263,5.0
546,284.3173110584072,487.2977286276891,14.606655781003543,0.0
547,113.55316203301342,401.2632218346347,13.460580266194704,1.0
548,205.07675201186294,721.7955574772413,13.274724834437798,0.0
549,539.2048959010108,463.3111477340246,18.070671591224894,1.0
550,21.46864318698576,870.0805775237843,11.72862928559642,5.0
551,747.4913876530219,733.7489997804657,18.01677090963912,0.0
552,66.82315215434444,676.228153176928,14.39232880821099,0.0
553,21.829701858788297,110.7653350949645,15.934513774227472,27.0
554,116.48199089334756,326.0603177248536,18.295399793572482,1.0
555,701.3113048116013,356.19627379078617,18.734989416658664,2.0
556,153.685851898316,439.55586750518563,10.775815690634994,2.0
557,216.94068340503944,281.08471884164544,10.150096665036587,0.0
558,353.6769427447627,268.74062560822154,10.067406382094418,21.0
559,51.81826875937814,920.7767487083951,16.7236834586617,0.0
560,631.9473328610941,375.3365080260643,10.489442650751231,4.0
561,247.851583378748,667.3251707736641,18.568669797856582,0.0
562,636.270204509388,912.0234371554913,13.853417750860526,0.0
563,305.4611069375561,388.7842457733741,13.767832353784728,0.0
564,56.52198700227693,630.7067396188967,18.838837969249354,10.0
565,658.0773534132611,799.7941536351956,17.095734846173904,0.0
566,537.1856126937313,238.80727265116914,15.275936858922107,2.0
567,419.6570974807847,199.7688560373626,10.650134967968526,16.0
568,192.73934788478346,69.31172233851274,15.403528125236623,7.0
569,757.1465595994476,526.06243699871,17.516549292253373,0.0
570,385.2323563742824,668.8395349906642,17.10664775305259,0.0
571,734.16486329682,714.7191076022739,10.372614388850149,0.0
572,635.4661813737783,603.0684578171652,18.842278499993633,2.0
573,542.0384035377128,59.80336126459525,16.58897225036822,27.0
574,413.78744060402755,11.570232365266076,17.178486140938592,0.0
575,783.7075138453299,212.17058928174708,18.05295152538465,0.0
576,47.7631702294099,287.39719059082745,13.272951901633073,11.0
577,696.3573059351818,507.03435742185286,16.477126749111314,0.0
578,37.9116250454298,529.077852752464,13.987098388076891,0.0
579,317.21795340516536,305.4027376190895,14.675639730966953,0.0
580,457.1861118143523,632.0717417359103,17.258703119706627,1.0
581,388.53343213423034,176.4318414929641,19.293350525699356,204.0
582,342.89789153237217,585.7452511705811,13.55110376802762,3.0
583,350.5318982444995,336.7041373759194,16.97176145236376,0.0
584,89.30276948398195,287.59724661696634,19.769664481367744,5.0
585,111.40162187732372,228.67440843927287,19.026445273300904,0.0
586,241.69880861783275,632.4443765097345,19.693808964244727,0.0
587,713.5533270433614,155.5297104776489,10.98387748670279,6.0
588,624.308229945049,65.87938688876804,11.706259482422965,31.0
589,172.72300712524117,162.16874558217597,17.16172064367572,3.0
590,74.10618926043284,886.037032872435,14.899438998141012,0.0
591,415.35761796030613,635.4667686460763,17.150489769106844,2.0
592,142.29223186440834,566.0088852729554,17.319526308621533,0.0
593,246.98021122873533,672.5837708056927,18.84321251180669,0.0
594,134.39788497070867,629.5826445690258,12.628316268193636,5.0
595,277.67207851594236,825.1294659093265,10.432422190096405,4.0
596,487.945929795381,870.3467987447157,10.381319711893763,0.0
597,779.9315517572636,785.166192992551,19.064353399169427,0.0
598,533.3924007596395,548.8053185974327,15.695317265866557,4.0
599,326.5399763568024,503.7492805344911,19.34283073333241,0.0
600,278.7298025106807,138.9574172263621,18.773387027900146,17.0
601,289.77710440774257,572.31150670908,17.70834893325126,1.0
602,720.7709329110535,373.3707186442823,17.18875991317418,7.0
603,272.0760438017697,46.003201955567214,10.263010722488387,1.0
604,50.95515536184312,721.8088276062101,10.0302252159077,0.0
605,400.8283865364203,633.5514351415497,19.861731125215705,1.0
606,69.17338762064693,434.8018042694165,12.162304717217147,15.0
607,65.69373716318685,641.800570826244,11.258928697721972,4.0
608,770.1300876356117,403.925185247754,14.724159271812795,2.0
609,366.4538013297497,729.5832615600989,13.534189318881353,0.0
610,752.4359067564972,879.4955531443251,11.543209840894193,0.0
611,590.8900447582638,303.5545053470933,19.284112333396507,27.0
612,512.5978640116559,281.6269752648333,15.231384012667032,59.0
613,367.6668035156631,430.99640170614913,14.778765483589329,0.0
614,62.77010793370215,205.84058900378372,11.288720118731504,15.0
615,571.0488878655286,209.3840410735086,11.631304291063,0.0
616,241.1225771011954,562.9841802611974,14.011178193449513,0.0
617,619.5657353708743,282.6691935685406,17.02779736908143,34.0
618,245.5693382491158,416.32794734861227,11.754457566095551,0.0
619,394.9577339977106,795.9124088867669,19.3099813865242,0.0
620,504.47021530467345,654.4816114496409,18.778376441669714,3.0
621,136.93450308694412,778.1449460318005,13.070919925480272,0.0
622,501.96992669868825,194.4590701358637,17.45183755495119,2.0
623,89.45940413854751,814.9394783946954,19.187869912976005,3.0
624,283.7278624981137,514.7227716302637,14.486910191831312,2.0
625,321.0720108168882,880.3959782567488,14.440619571576791,0.0
626,190.23451990780416,279.56839670538807,11.855320551062846,2.0
627,786.5716695169338,869.7193063323786,11.557083411732847,0.0
628,49.14050358995317,74.58696929240207,13.338903205541708,2.0
629,711.2792491828427,254.1858731511287,14.864299541292404,0.0
630,507.7374527967793,811.8800784287217,11.15138634991257,2.0
631,768.3879003774696,583.197347394179,15.464677980157573,1.0
632,465.7685763538023,456.4340534020067,12.748529807817086,0.0
633,568.5988569902405,653.7938950437529,18.42226311452553,0.0
634,684.835132089782,446.83324881289775,16.369623247349878,1.0
635,641.8699534580285,678.4912608996586,14.274610410415978,2.0
636,156.8298681186853,425.7315424065994,15.191023878289206,0.0
637,415.3894479607625,141.4784616332396,18.377310288439546,10.0
638,267.8895288269478,526.6281533084342,14.086968344249229,0.0
639,751.5283848164446,370.3649749555076,11.813862362879908,12.0
640,516.0760097329028,593.1741771660504,17.999381813560092,0.0
641,415.05630586408654,931.5848600400639,11.56989597271817,0.0
642,530.2479520835475,112.56280911599961,18.253345186479176,0.0
643,101.33660592594858,444.6642592733879,10.884793558628363,1.0
644,679.400639248065,124.32043709499077,13.429648924326983,0.0
645,248.65478254037424,444.8394563804002,15.67806132008073,0.0
646,67.75209186303384,210.74107222403043,18.63174006472145,5.0
647,223.71843974862787,372.8769066445184,16.527407474011245,2.0
648,501.0224071882452,835.8430556156092,11.27829561522806,0.0
649,210.19321430135597,297.57739040191404,18.63062773421862,0.0
650,58.68767185156054,202.831567432656,11.146552865389058,9.0
651,773.4087579063049,834.8457229710597,11.212247660525673,0.0
652,539.768961506129,281.35476167919614,19.94357541409007,50.0
653,121.33204807211521,119.30561869042745,11.716758568854516,13.0
654,517.2258844479214,449.63475402762253,13.637987555684376,2.0
655,92.32436116779219,687.2967024651433,15.69150799197252,3.0
656,131.60433005084258,715.981032402954,17.566004349442075,2.0
657,94.36785497957283,778.9704337911961,11.664910888251892,0.0
658,329.04620485199604,1.4360757356586817,19.18438428783081,0.0
659,778.4098765301312,86.8521375459772,14.925587100903641,0.0
660,108.2775471494739,7.205414581357927,11.965451988311658,0.0
661,102.34335585982892,711.7447131336322,14.675859134955868,2.0
662,133.51636784841068,816.7015641018081,11.464829214195253,0.0
663,507.1134094723239,416.46047151888683,11.741937327974378,0.0
664,550.2588600404569,25.706270259197485,17.25098715768981,0.0
665,494.21928043495365,868.5436531521683,10.930834662203232,0.0
666,21.17839970761448,392.54471763130454,11.589549344148647,0.0
667,470.54060372297386,394.2650687136447,11.705207159593648,0.0
668,35.58396735336444,658.3694592564523,16.731733635500085,7.0
669,509.6124085757795,890.2950180194364,18.75091357156228,0.0
670,274.0320609151583,585.0599178833305,15.04635180856987,0.0
671,769.094920766517,656.9811968333935,12.521124354009045,0.0
672,701.1640826564661,698.6160138832864,16.13469279543206,2.0
673,604.0956229407661,472.3639601430073,18.760452033864993,12.0
674,663.3489688521281,341.54531829855364,10.27858106723394,0.0
675,419.97890865507196,364.9171592695741,12.260359511752299,0.0
676,323.09003607965855,796.092388462724,16.355386869980897,11.0
677,85.7732136613241,97.86827932990926,18.09935901697463,18.0
678,398.349963752626,790.4524884720294,15.646963915759866,5.0
679,145.1721623214402,317.61032317177,11.899643547791586,0.0
680,627.3632157349335,338.7775154813052,16.03820497596784,0.0
681,118.52119815433504,361.1992172530541,17.675135481440588,0.0
682,98.09570116750459,789.5453741515523,12.541947463620275,3.0
683,676.615020513806,681.0681188550874,14.94408989137806,3.0
684,751.269884856873,91.94556462035331,15.996388459097364,0.0
685,359.7539782353664,328.3343311036348,17.81144269966734,0.0
686,119.2417690869096,35.01941976760894,17.172063778846663,0.0
687,438.61892449066727,743.356695774392,13.714123035697089,0.0
688,121.63299250807249,472.4192238051004,11.555691723234556,0.0
689,244.60343227182548,655.2078479225743,14.284720030485758,0.0
690,746.5841216787669,72.32069372230967,12.178254772924028,1.0
691,54.78174851137112,864.3852415717128,11.653000538711588,0.0
692,39.06953224490479,602.7223246753822,11.756384957436431,5.0
693,88.38190010471436,845.9062547337664,12.417451480311946,0.0
694,370.07872969508264,158.53472957665485,18.773061605820942,92.0
695,166.2895460176787,318.5485136687815,15.58125878783322,3.0
696,725.8799213483666,213.80912723502746,13.420344582650326,1.0
697,283.4539699697973,498.21501668971376,13.323863297691616,1.0
698,311.8888545083023,677.0108245637578,15.80200348893941,0.0
699,246.17907865833456,327.49814573124485,11.076149971968732,0.0
700,466.29876063118195,830.6225186465414,18.03102930563336,0.0
701,699.4683286597635,24.0026222833393,18.142359323621353,0.0
702,120.28216987770763,278.71976281089695,19.002056017842797,2.0
703,572.5440784613635,477.0722076514122,17.081985546318364,9.0
704,611.0230453253249,654.1614526101987,15.531491113796543,0.0
705,590.5837690616958,295.98797670016995,19.537800099796627,26.0
706,129.50316934246172,899.4115148116358,16.29817043308703,11.0
707,452.726125988959,231.8259243716032,10.670039877089396,29.0
708,473.3839631107016,327.6453612409245,19.085779798325227,0.0
709,41.08375987620656,327.080895043858,17.524604682083776,4.0
710,391.1824991606885,320.2195161904643,12.020766900038106,0.0
711,600.3416524057445,54.53590660185695,15.387532704534875,38.0
712,34.56793679687422,224.06769862884062,19.76240072418603,3.0
713,470.96990901427756,404.04111999133477,15.936273063558996,2.0
714,483.98642989823725,226.76246335702425,19.366873677411228,44.0
715,168.95211551870835,273.7208857027982,12.465127146151218,2.0
716,58.725004507886695,743.2638677135459,17.02577317251727,0.0
717,516.956903102063,627.9528434961169,10.762914762815104,0.0
718,627.559580291381,499.90471305051176,17.915265696624772,1.0
719,460.2114255479009,626.720741427702,10.169236478709701,0.0
720,192.61954118811113,872.8634576441339,14.323338594302992,23.0
721,144.32260654647493,827.1392178872884,18.816075712740407,0.0
722,114.01726202288573,880.1878240957774,14.040317989056483,0.0
723,400.45577203418566,96.05777042423468,19.455382224016645,5.0
724,91.34498564930924,681.9280468083581,15.91599137913157,5.0
725,50.117639170291994,731.5690613481075,13.840403413175261,0.0
726,97.30001963701484,909.7224559751377,17.515227456073298,12.0
727,70.73425022699578,24.891106181150985,11.016133646442043,0.0
728,528.7678938493243,367.47349062502985,12.660706866024919,0.0
729,326.77450104209163,220.19093905676056,10.546994951151888,36.0
730,517.548461689785,118.33347591201476,15.546395569609448,3.0
731,288.846249285341,86.03453110088125,15.611262746324842,14.0
732,571.0383774746073,507.82897943859575,19.07222059012929,10.0
733,397.5958667367536,818.707101628867,15.423451405192052,0.0
734,632.9079694165154,222.40646770677634,16.945811967753407,1.0
735,766.7757375860227,392.09544115528246,13.111520345653606,2.0
736,182.80019650118007,215.17477060511553,14.70524612907781,40.0
737,179.87974457631032,416.4429220709699,13.45727500320377,0.0
738,429.5829262017735,660.7147723501192,12.019161448680446,2.0
739,258.5662275622463,663.257561885986,12.275299250733433,0.0
740,612.7047827320381,670.3143069745896,12.139511013689956,0.0
741,654.6559722839794,344.3408841134471,19.327336748840263,0.0
742,372.30393551324886,55.693245527124944,19.967789816703103,4.0
743,37.933679725065076,590.7287945355666,14.79670549690885,1.0
744,703.7973675753965,381.8021479925548,17.903049884341403,8.0
745,711.6433648680643,628.7466444962689,14.401237608151622,15.0
746,756.97293219821,252.32561854051775,12.514538984964794,5.0
747,648.725665494286,908.9082669734812,10.517066537155271,0.0
748,719.389338717225,239.589572437615,19.77158409272662,0.0
749,760.1060579230293,534.3799038711192,16.83141949475634,0.0
750,701.9107830659239,575.018342507918,14.856180956261394,11.0
751,768.1196004511605,406.3213486862758,18.45646894229432,2.0
752,357.63747641830656,775.435183156725,17.07451621651021,14.0
753,672.1055409837888,523.3552094215175,16.37164790765968,7.0
754,202.5704050297973,489.180090608236,13.518257546067677,3.0
755,620.4814875384825,105.39639331165485,14.143283447108862,11.0
756,739.3845494111805,262.0383875339611,17.017354584591207,4.0
757,282.42270546665884,759.3091029573335,15.16423082960402,0.0
758,247.27641204433235,814.2403485707163,10.776630064271554,2.0
759,586.7280411959929,205.46278451349642,17.87835955230462,0.0
760,616.3315419341666,948.6177158758271,18.25711364809935,0.0
761,373.7135408066054,45.65764015673735,17.732457807757243,0.0
762,492.28229444304947,359.0349858342072,18.250869598187794,0.0
763,539.4563115808783,64.29174859745773,13.730133265014297,42.0
764,7.091770806448672,365.7137633271391,15.992346741522105,0.0
765,295.31214408301275,943.8885837531922,12.652733830940104,0.0
766,204.90658898332867,89.99717124816263,11.772574514491138,4.0
767,674.5234091832178,118.53403247662133,12.423902587816098,0.0
768,176.5185557597884,868.743272817442,18.770633616959685,0.0
769,785.2596518509539,335.5087372152583,11.914532469893423,15.0
770,796.8246274122986,323.19145247494606,17.536111979258422,0.0
771,482.64349682082656,405.53949550044985,15.627576581499953,2.0
772,148.9415215738946,630.6352403216629,19.381674018048663,2.0
773,426.5076369225841,543.5587806525302,19.633217178089104,0.0
774,791.8378463070517,263.9815293918404,19.55489016543249,2.0
775,286.8114512787037,702.0422257584746,12.00485642824984,3.0
776,139.71454974591273,287.1209044013603,18.93524336225983,0.0
777,687.3449600088557,817.9323644167874,10.71172433737837,0.0
778,649.2657373324172,585.8017810891,13.359456243819878,0.0
779,0.6646814118766997,19.459877523002696,10.461256171143326,0.0
780,308.45538300889143,255.27218532220007,14.654069630068719,2.0
781,625.2298281541617,187.98409281697738,17.235269955657664,2.0
782,366.26596475267854,341.51321121245246,19.91950164309428,0.0
783,551.1610410219917,609.8199583093096,13.023271490235334,6.0
784,685.7728280486408,306.18622836642004,11.44989812159913,4.0
785,498.11064180265305,67.96167024096286,18.082493821813237,37.0
786,611.4524156997273,871.9825337635697,11.00547491109527,2.0
787,506.3351201281536,81.54377968999381,15.86279771558047,23.0
788,29.98749919476431,81.64443633163368,10.643484108826458,5.0
789,193.7606055280317,791.782448581556,13.628878174158418,4.0
790,561.7922958509903,10.822348845149065,17.034429594658675,0.0
791,79.30800158349429,947.2734438597014,11.124963499286238,0.0
792,636.9993746368935,797.3340291572504,15.957871802482313,4.0
793,140.73041426063693,282.278357905785,11.94021212360658,0.0
794,11.313880579250313,334.55413254192456,17.67332515937599,1.0
795,410.633916319042,885.1776403269386,18.918403918137308,0.0
796,422.5474185575812,117.05962466447386,16.965333414323126,17.0
797,384.14332635523385,525.3576633374468,17.59007156890061,0.0
798,199.62382609757123,753.1655207837681,13.999140618234716,0.0
799,105.30105938232398,120.27801036944409,13.231035425180762,10.0
800,351.0661528725971,423.5601552729282,15.20651361477976,0.0
801,131.41927387207008,433.8465008872803,16.47592145869944,0.0
802,5.539848768852895,909.2365665639074,11.942710249272208,0.0
803,732.0578524030385,494.3949045388673,13.230952809207185,14.0
804,331.9590882072687,943.0847760331363,16.76986119014072,0.0
805,725.5651496265173,54.154382631068096,10.493716711451759,0.0
806,458.96923623198,260.17631882325816,10.577548353633807,1.0
807,288.41757951856596,270.4456549649895,16.752524628834934,1.0
808,492.06132456151363,695.6998057129812,18.45196655302784,0.0
809,701.7477449956989,53.41170184778266,16.708616080362354,4.0
810,142.41239580173968,721.0340271620036,15.09043888716803,0.0
811,197.53582222022717,775.7233580089913,12.376689309546341,2.0
812,379.3107327884666,443.85877105362556,11.634116994876862,1.0
813,178.24227054571676,227.21005484490414,11.546439127263138,14.0
814,397.30729694438764,291.15299067146043,12.532407489665216,5.0
815,329.45059920713067,670.1892188448719,15.35642558299029,0.0
816,268.29165525347884,436.40461799488406,19.81384843632012,0.0
817,309.12791730177014,212.97454710886765,11.529253319766028,43.0
818,796.0866908048633,686.2244697963972,15.935475004925511,4.0
819,397.8286344144021,763.5074960987833,17.376954772169388,3.0
820,35.72439926594857,866.8109977487907,19.04194426465613,6.0
821,798.6233535901107,569.7261316778821,11.00094352643953,11.0
822,650.0355663238012,702.6846035136199,14.86676669979882,0.0
823,258.98517494843907,53.57102311298054,16.232385949689203,4.0
824,338.47452487146097,666.9720032471167,19.22274491723826,0.0
825,590.6890961727667,342.6856018896709,12.877168258139799,12.0
826,275.75907141504155,2.8321206336022975,14.303109834116784,0.0
827,339.06026423872896,725.8097887860961,10.051315538323532,1.0
828,280.13871327900813,842.9069748363573,16.08544416118039,0.0
829,367.8855827153348,230.91258773547509,16.982104186344603,161.0
830,424.6369793243667,106.53756464269321,12.527413341161445,10.0
831,758.248975860469,787.8028666448994,19.588155777591723,0.0
832,226.70003585042613,565.929492678157,15.936949701747164,0.0
833,599.6857888738662,261.82459735801257,10.35807288456012,16.0
834,127.00324377770009,870.0256090090494,14.854423763134516,1.0
835,105.1655616100117,4.122024569662281,16.414464614596604,1.0
836,339.56492992870284,400.16131200673885,14.115663968951406,2.0
837,666.3331037931802,253.79636907551887,14.706114535558486,0.0
838,254.3519746160692,722.5812134356598,19.49601393930606,4.0
839,693.6576664744009,120.74910040275975,11.741634623820707,1.0
840,160.69873215289752,694.1655256168805,17.33904375450144,0.0
841,266.94685086972913,207.26112927218722,14.798102444895717,37.0
842,468.11839036490943,1.5371507143312924,17.1776379681035,1.0
843,595.211950806997,677.6820633276913,14.837267495846886,0.0
844,537.9716208779919,426.3273594842569,12.755891384802775,4.0
845,203.62279341973934,883.4418336713587,11.991558088171798,64.0
846,581.9429929035925,157.33423122885355,18.956158713477535,2.0
847,235.48895930485446,544.7433146127814,19.1610850407197,0.0
848,181.401396305687,569.7788234537754,17.15419311651327,0.0
849,79.33601034396007,321.0215058214188,15.994227235889232,0.0
850,283.0269916271623,678.5928386123121,11.906893200267955,4.0
851,696.6262237525584,639.4226146934641,15.375161034849658,6.0
852,635.1879595609536,821.7649116656842,10.743326797142966,0.0
853,146.880265859141,31.400969299339977,13.281923873515513,1.0
854,212.41134925486796,602.0670497940815,17.665273225195,0.0
855,560.9519144517785,752.4887720567358,16.781415137183338,0.0
856,785.3163991901009,918.7536735895404,10.995169839611439,0.0
857,473.7971164555789,32.96630198086862,11.905326488870768,2.0
858,231.68465570846922,376.33557974875856,12.080870773699445,0.0
859,24.50302912751372,636.4381103287399,18.623202183367784,2.0
860,376.9603263872557,805.8209474786262,18.937869225519602,0.0
861,56.543809473743956,290.4146789642792,12.14647684241972,7.0
862,115.5837967164766,302.95293682908846,13.712358375625843,5.0
863,666.5286587367808,745.3735897474623,16.193770873547205,2.0
864,703.5559117914145,110.48260176771976,13.272075863953276,2.0
865,550.4488295661648,584.6679296467568,18.736043629204243,0.0
866,9.925741857144654,836.709789753666,11.69373530686531,4.0
867,258.81271187774865,426.49741865158154,16.84548349453697,0.0
868,732.8207221054286,510.3055843331862,11.360744321340619,15.0
869,789.471698030073,536.9613991278077,12.341692152637568,1.0
870,525.0249413587172,146.90078479072483,15.228467830025675,5.0
871,637.0759843874395,737.2765250994362,18.858874952476455,3.0
872,447.70165543553065,672.9952152811152,18.18872251594059,0.0
873,364.39340289263765,766.6082152580364,12.848103761492666,1.0
874,320.7011644378788,801.9525930417458,16.78086595442854,10.0
875,509.47786675111064,556.9160039706801,11.128304975774832,0.0
876,41.13285601231276,145.91899746860017,14.65598580802778,6.0
877,479.1903972310224,672.1620960391887,17.831270354310504,22.0
878,622.6779893948126,34.64035200435129,18.85518453331422,52.0
879,121.4783155562765,648.2992693110294,19.743288260402355,0.0
880,273.7925590257515,238.73939102174108,18.462376818343905,16.0
881,65.87932702755204,435.8847181348605,16.21540978921447,9.0
882,53.91944228219545,344.8798264371724,18.385883404111528,13.0
883,186.36468825441952,48.28974457152936,12.485448468132113,6.0
884,21.69102165307004,798.4904750201244,16.1145404679918,0.0
885,654.2708157490723,701.5000701455161,14.475782738303703,0.0
886,541.7396714686664,378.17131269022514,11.590434829258804,3.0
887,529.7550129589879,743.3520827560446,13.88393737992832,0.0
888,773.597686114931,513.368761609035,11.32468548798347,3.0
889,377.01623774763914,886.1286954275479,19.12170719956064,6.0
890,525.7487265172987,792.4586170675597,13.107782361299336,4.0
891,612.8173496927046,116.11510596705195,10.2853682484559,4.0
892,103.04956042794666,458.55589611966263,13.30190216734774,2.0
893,549.4631078112826,379.93245718480296,12.36779026972524,3.0
894,587.3396938745802,822.0542574420094,12.882830446838833,0.0
895,431.83432350422606,892.9595306790484,10.636400850056539,0.0
896,725.1402268354127,215.17168914412804,10.80919414773221,1.0
897,383.23800451941486,439.43685409957516,16.451055383063682,1.0
898,680.0144090755671,88.33491498497307,16.06431558864153,4.0
899,675.7651001401376,660.4710756007372,16.349273404509056,0.0
900,679.7427100059668,773.0336976165572,13.459690733801857,0.0
901,729.5498281500043,133.95075467984677,15.157498523794727,0.0
902,583.8077570803248,140.97882764556655,17.35294817256035,1.0
903,676.459668703429,573.0905947081377,16.20617183183189,47.0
904,298.395146684818,888.1547663224671,16.790536574418542,0.0
905,354.16260997095475,369.079386391628,19.71983203915011,3.0
906,600.8255213481472,271.52317728679463,12.660493102863114,25.0
907,243.2909466211382,385.2078732863586,10.898291165527453,2.0
908,316.7538723875707,869.8116629781838,15.659512077355695,0.0
909,169.6819389173064,636.4632268362852,18.50113441374372,0.0
910,331.4551346289095,282.0037106511943,19.70963170209689,2.0
911,232.33574381786443,574.0861830684397,14.231373711671111,0.0
912,443.8885682571955,644.7047400309934,11.704844454109763,1.0
913,321.1686147669594,333.3737293476624,11.790947597016983,0.0
914,103.33753902555918,726.9342220570193,10.32280791541433,5.0
915,12.504714957639429,900.3229854347995,10.999971781276138,0.0
916,690.6720522203709,174.9679037425091,17.95773914642431,3.0
917,199.77179024087678,236.7322410275819,12.095389595414595,1.0
918,357.38785694535153,556.7338940139288,13.920065939066387,0.0
919,251.82185132269598,268.0949696271269,10.236264451275366,2.0
920,88.75607325637071,851.2497418971002,10.627338677162403,0.0
921,773.6134862357753,723.4195724262404,15.953252425403305,0.0
922,388.93855717501606,262.08807256636186,13.74430042235375,24.0
923,627.992800763137,890.6998652179608,13.80644443744641,0.0
924,234.18646717339965,613.6401253968224,17.99287570757514,3.0
925,234.23111621618676,776.3369670282434,13.182326178132595,0.0
926,122.32554216075818,449.425423616526,16.304339877059384,3.0
927,239.97373864215658,758.496902810422,18.395343386003816,0.0
928,115.47235057933509,299.69074840017544,14.831991108090836,2.0
929,776.078740977054,696.1773057405342,13.539734578887195,1.0
930,681.3627385314192,469.44798668989665,14.372484909172691,3.0
931,299.4049761570881,167.03057003581543,18.868034160736727,3.0
932,645.6858249233121,19.869130868728092,18.705469815744255,3.0
933,709.4172091278964,16.7912086961831,13.217378698055851,0.0
934,2.306094110403656,887.3415606849967,17.26177295827759,3.0
935,400.5814555881749,572.0694284288151,14.81481992575974,0.0
936,40.706657655080924,749.9836204691628,15.316564124841253,0.0
937,361.3895899610906,721.1334412743396,17.305828669855444,0.0
938,648.2407697788292,148.12608590920118,17.426678147604775,0.0
939,567.1938033759766,468.9035208309505,14.469552436042605,8.0
940,545.7786289634688,800.0451243290543,15.975789957072127,2.0
941,554.6355436166588,57.44043900481755,12.458877836089282,24.0
942,642.4794475513855,98.10854248833584,15.976359689714634,0.0
943,598.9764951249914,631.4870192303533,13.886398051610913,0.0
944,376.45573373660426,828.1857723400062,10.470798019724043,0.0
945,613.4320604433917,74.74037269110126,17.816936605920105,32.0
946,269.02917392481413,818.0254680938709,10.613265634492521,15.0
947,91.3381514141073,569.2891577689621,15.585102605758173,0.0
948,418.08991381329184,832.0817064266491,13.91396400272206,0.0
949,581.431065441353,282.61965031989723,10.418297046582154,47.0
950,675.0622024450844,289.360119304376,10.57557868624496,42.0
951,3.9555612560823405,914.3427148198538,10.815702664911399,0.0
952,16.72308413364929,287.27429346966056,18.126284616985302,0.0
953,342.98754215487406,327.3436320605003,14.971737993364655,2.0
954,185.45834214165424,268.0694071742314,15.034040430985735,4.0
955,284.4522486975633,49.25280287739117,10.30794361266934,0.0
956,74.6874534434407,697.5151812792002,19.8239252476451,0.0
957,579.3613666886064,410.3105392977228,10.766819385147565,23.0
958,92.95194996914998,734.527006526138,19.799828210709975,1.0
959,416.5280390514856,700.1443957409515,15.691966624239578,0.0
960,775.6663859650536,694.4770841860706,10.523604108600114,2.0
961,688.1503957759154,761.9703544013169,19.618216124708717,0.0
962,71.40733103323429,126.36919469278347,19.13099060394088,6.0
963,53.405581591985566,488.5050733398818,19.882327342684373,4.0
964,462.11467843980324,607.8446346960234,19.157627230111952,0.0
965,390.7215753673335,848.5920428388403,19.817447904989614,0.0
966,233.24970619293356,765.06528965012,11.239755058004228,0.0
967,309.6397556458908,267.9222915059441,11.86442416340195,1.0
968,730.6588256047133,211.90236476596704,15.846880936546562,0.0
969,153.22730192564,858.0448822247582,10.68544335157431,0.0
970,697.4166738414194,284.2511682960381,18.19701014772088,24.0
971,752.9048242431019,240.35408507072503,12.259059709231032,6.0
972,724.268330791548,52.91524368497092,13.791455137161185,0.0
973,291.2334214077328,946.6783722676239,14.426826770331811,0.0
974,284.2604718969481,768.5868534663949,17.597830101871054,0.0
975,741.9169913635633,744.5658777333329,16.544266752864804,0.0
976,736.1963305509786,29.383601217216686,15.208875237376116,0.0
977,272.9545578671401,504.77616866324803,19.460645953113264,1.0
978,127.52737539399375,506.6280258215634,15.53762408060173,0.0
979,543.1879979409109,743.9248746850268,17.651588144819925,0.0
980,347.89163133506014,802.3742064647057,14.429051195949667,3.0
981,426.3214563426454,809.4357299955255,13.497755425771263,0.0
982,524.1485931539034,449.07152839339966,11.028485491701222,0.0
983,758.5762919753234,755.1413427792719,11.051152149063796,0.0
984,380.83847407835185,925.7098556701742,15.406314368747132,0.0
985,340.38295960654966,57.44282472097898,12.476454176713112,6.0
986,202.23060440976636,826.1209810825109,10.154972591015675,0.0
987,372.58023259317605,350.1665927696899,11.83311837264593,1.0
988,452.6351483735908,408.34769929155163,16.383078000996573,3.0
989,411.14131235032244,7.474659564795028,10.964115096662594,0.0
990,105.9013884585795,622.243563831648,18.00672253255097,2.0
991,703.8354114280774,556.9655418803668,10.101695139256053,10.0
992,263.4416307871242,940.3061258302802,12.506988431151955,0.0
993,1.296925960827977,701.8329404112652,17.225109511935678,5.0
994,319.5532130391862,488.0820606938629,11.051859419245769,0.0
995,59.13778030641659,475.06781350603563,19.017786399504878,11.0
996,33.126081076276215,713.5732778494817,17.218157350180793,0.0
997,333.21557381613064,89.50194964682628,18.84703614348895,6.0
998,598.6152435762758,915.9934711026422,11.905139104722316,0.0
999,641.5905058729578,159.62739192483647,14.856043195696522,3.0
